Frame Number,Total non-masked faces,Total masked faces,Non-masked Face ROIs,Masked Face ROIs
1,0,0,,
2,0,0,,
3,0,0,,
4,0,1,,"183,19,54,58"
5,0,1,,"187,20,56,60"
6,0,1,,"191,21,58,63"
7,0,1,,"194,23,57,61"
8,0,1,,"199,23,57,64"
9,0,1,,"202,23,59,66"
10,0,1,,"206,23,60,67"
11,0,1,,"208,23,62,69"
12,0,1,,"213,22,63,72"
13,0,1,,"216,23,64,72"
14,0,1,,"220,22,65,74"
15,0,1,,"223,19,67,77"
16,0,1,,"228,15,69,79"
17,0,1,,"236,10,70,80"
18,0,1,,"241,5,73,83"
19,0,1,,"250,1,73,83"
20,0,1,,"257,0,75,84"
21,0,1,,"265,0,81,87"
22,0,1,,"272,-1,86,87"
23,0,1,,"280,-3,87,85"
24,0,1,,"291,0,94,89"
25,0,0,,
26,0,0,,
27,0,0,,
28,0,0,,
29,0,0,,
30,0,0,,
31,0,0,,
32,1,0,"0,62,26,35",
33,1,0,"-1,64,24,35",
34,0,0,,
35,0,0,,
36,0,0,,
37,0,0,,
38,0,0,,
39,0,0,,
40,0,0,,
41,0,0,,
42,0,0,,
43,0,0,,
44,0,0,,
45,0,0,,
46,0,1,,"154,63,42,49"
47,0,1,,"152,62,43,50"
48,0,0,,
49,0,0,,
50,0,0,,
51,0,0,,
52,0,0,,
53,1,0,"146,61,48,55",
54,1,0,"152,63,46,54",
55,1,0,"156,66,46,52",
56,1,0,"157,70,45,52",
57,1,0,"152,72,45,52",
58,1,0,"151,75,44,52",
59,2,0,"131,46,35,39;151,76,44,52",
60,1,0,"149,76,45,52",
61,1,0,"146,76,46,53",
62,1,0,"144,77,46,53",
63,1,0,"141,77,47,54",
64,2,0,"124,46,38,42;138,77,49,57",
65,2,0,"120,47,39,43;133,77,49,59",
66,2,0,"117,48,38,43;128,78,51,60",
67,3,0,"347,83,50,56;113,49,38,43;121,79,52,61",
68,3,0,"349,83,52,58;109,49,39,43;115,79,53,64",
69,3,0,"352,84,52,58;105,49,39,44;108,79,55,65",
70,3,0,"355,85,52,59;100,49,41,45;102,81,57,68",
71,3,0,"357,86,54,61;95,48,41,46;95,84,58,69",
72,3,0,"359,86,55,61;88,47,43,46;87,85,59,70",
73,3,0,"360,86,56,62;81,44,42,47;77,85,61,72",
74,3,0,"362,85,56,63;74,42,42,47;67,86,62,73",
75,2,0,"364,85,55,63;56,87,65,75",
76,2,0,"365,85,55,66;45,87,69,81",
77,2,0,"368,86,52,66;30,86,72,84",
78,2,0,"371,85,49,67;16,82,75,89",
79,2,0,"374,84,47,67;3,80,76,92",
80,0,0,,
81,0,0,,
82,0,0,,
83,0,0,,
84,0,0,,
85,0,0,,
86,0,0,,
87,1,0,"97,58,36,42",
88,1,0,"95,58,38,42",
89,1,0,"95,58,37,41",
90,1,0,"96,58,36,41",
91,0,0,,
92,0,0,,
93,0,0,,
94,0,0,,
95,0,0,,
96,0,0,,
97,0,0,,
98,0,1,,"88,55,39,43"
99,0,1,,"86,55,40,45"
100,0,1,,"84,57,40,45"
101,0,1,,"83,57,41,46"
102,0,1,,"82,58,41,46"
103,0,1,,"80,58,42,47"
104,0,1,,"79,59,41,47"
105,0,1,,"76,59,43,49"
106,0,1,,"75,59,43,50"
107,0,1,,"75,59,43,50"
108,0,1,,"75,59,44,51"
109,0,1,,"72,58,45,52"
110,0,1,,"68,57,46,53"
111,0,1,,"65,56,46,54"
112,0,1,,"63,56,47,54"
113,0,1,,"62,57,46,54"
114,0,1,,"60,57,47,56"
115,0,1,,"58,57,47,57"
116,0,1,,"55,59,49,57"
117,0,1,,"53,60,51,58"
118,0,1,,"51,62,52,59"
119,0,1,,"48,64,52,60"
120,0,1,,"46,66,52,62"
121,0,1,,"41,69,54,63"
122,0,1,,"38,69,55,65"
123,0,1,,"33,69,55,65"
124,0,1,,"28,69,56,66"
125,0,1,,"22,68,57,68"
126,0,1,,"16,66,58,70"
127,0,1,,"9,66,59,72"
128,1,1,"71,39,37,41","2,64,60,73"
129,1,1,"69,38,39,44","-1,62,58,75"
130,1,1,"67,37,39,44","-3,59,55,77"
131,2,0,"145,25,45,50;65,35,39,44",
132,2,0,"146,24,44,49;62,33,39,44",
133,2,0,"145,22,45,50;60,32,39,44",
134,2,0,"145,21,45,50;57,31,40,44",
135,2,0,"144,18,45,50;55,30,38,42",
136,2,0,"143,16,45,50;51,29,39,44",
137,2,0,"141,12,46,51;47,28,40,44",
138,1,0,"138,9,47,51",
139,1,0,"136,5,47,52",
140,1,0,"133,1,48,52",
141,1,0,"130,0,48,51",
142,1,0,"126,-1,49,51",
143,0,0,,
144,0,0,,
145,0,0,,
146,0,0,,
147,0,0,,
148,1,0,"94,0,58,55",
149,1,0,"86,0,62,60",
150,1,0,"79,0,65,63",
151,1,0,"71,0,64,62",
152,1,0,"62,0,66,65",
153,1,0,"53,0,68,65",
154,1,0,"46,0,69,66",
155,0,0,,
156,0,0,,
157,0,0,,
158,0,0,,
159,0,0,,
160,0,0,,
161,0,0,,
162,0,0,,
163,0,0,,
164,0,0,,
165,0,0,,
166,0,0,,
167,0,0,,
168,0,0,,
169,0,0,,
170,0,0,,
171,0,0,,
172,0,0,,
173,0,0,,
174,0,0,,
175,0,0,,
176,0,0,,
177,0,0,,
178,0,0,,
179,0,0,,
180,0,0,,
181,0,0,,
182,0,0,,
183,0,0,,
184,0,0,,
185,0,0,,
186,0,0,,
187,0,0,,
188,0,0,,
189,0,0,,
190,1,0,"155,87,32,35",
191,0,0,,
192,0,0,,
193,0,0,,
194,0,0,,
195,0,0,,
196,0,0,,
197,1,0,"162,83,33,36",
198,1,0,"164,83,33,37",
199,1,0,"165,82,33,37",
200,1,0,"165,81,33,37",
201,1,0,"165,81,33,38",
202,1,0,"166,80,33,38",
203,1,0,"165,79,34,38",
204,1,0,"165,78,34,38",
205,1,0,"164,77,35,39",
206,1,0,"163,76,35,39",
207,1,0,"163,76,35,39",
208,1,0,"162,76,36,40",
209,1,0,"161,77,35,39",
210,1,0,"159,77,36,41",
211,1,0,"158,78,35,40",
212,1,0,"156,79,36,40",
213,1,0,"154,80,36,41",
214,1,0,"150,80,36,42",
215,0,0,,
216,1,0,"17,82,35,39",
217,1,0,"16,83,36,41",
218,1,0,"14,83,37,41",
219,1,1,"12,82,38,41","135,80,38,43"
220,1,1,"9,82,37,41","132,79,39,44"
221,1,1,"7,81,37,41","129,79,39,44"
222,1,0,"6,81,37,41",
223,1,0,"3,81,36,40",
224,1,0,"1,80,37,41",
225,1,0,"0,80,36,42",
226,1,0,"-1,80,36,41",
227,1,0,"-2,79,33,41",
228,1,0,"-2,80,32,42",
229,1,0,"-3,80,29,40",
230,0,0,,
231,0,0,,
232,0,1,,"111,82,46,51"
233,0,1,,"109,82,44,50"
234,0,1,,"107,82,44,50"
235,0,0,,
236,0,0,,
237,0,0,,
238,0,0,,
239,0,0,,
240,0,0,,
241,0,0,,
242,0,0,,
243,0,0,,
244,0,0,,
245,0,0,,
246,0,0,,
247,0,0,,
248,0,0,,
249,0,0,,
250,0,0,,
251,0,0,,
252,0,0,,
253,0,0,,
254,0,0,,
255,0,0,,
256,0,0,,
257,0,1,,"67,57,40,46"
258,0,1,,"66,58,37,42"
259,1,1,"133,61,38,44","63,57,37,42"
260,1,1,"130,61,38,44","60,57,37,42"
261,1,1,"125,60,41,48","59,57,36,41"
262,1,1,"122,59,42,49","55,56,38,43"
263,1,1,"119,58,43,49","54,55,38,42"
264,1,1,"117,58,43,50","51,53,39,44"
265,1,1,"114,58,42,49","49,53,40,44"
266,1,1,"110,59,42,48","46,52,41,46"
267,1,1,"107,59,42,48","43,51,42,47"
268,1,1,"102,58,45,52","40,50,42,47"
269,1,1,"98,59,45,51","36,49,42,47"
270,1,1,"95,59,44,51","32,48,42,48"
271,1,1,"91,58,46,52","27,47,44,48"
272,1,1,"88,56,45,52","24,45,45,49"
273,1,1,"83,54,46,53","21,42,45,50"
274,1,1,"79,53,46,53","18,40,44,50"
275,1,1,"75,52,47,54","14,39,44,50"
276,1,1,"69,51,48,55","10,38,44,51"
277,1,1,"64,49,49,56","6,37,44,51"
278,1,1,"58,48,50,58","1,36,46,53"
279,1,1,"52,47,51,59","0,36,44,54"
280,1,1,"46,48,51,60","-2,35,43,56"
281,1,1,"39,49,53,62","-2,34,43,58"
282,1,0,"31,51,54,64",
283,1,0,"23,53,55,66",
284,1,0,"14,55,57,67",
285,1,0,"5,56,57,68",
286,1,0,"-1,58,55,70",
287,0,0,,
288,0,0,,
289,0,0,,
290,0,0,,
291,1,0,"128,76,33,36",
292,1,0,"127,76,32,36",
293,1,0,"126,75,35,39",
294,2,0,"45,66,31,36;124,75,35,39",
295,2,0,"42,66,32,36;124,74,34,39",
296,3,0,"295,54,30,32;40,65,32,36;123,74,35,39",
297,3,0,"295,53,30,32;38,65,31,36;121,73,36,39",
298,3,0,"295,52,31,33;35,65,33,36;119,72,36,40",
299,3,0,"296,52,31,33;32,64,33,37;119,72,34,39",
300,3,0,"297,51,31,33;30,64,33,37;117,72,35,38",
301,3,0,"298,51,31,33;27,64,33,37;116,72,35,39",
302,3,0,"299,50,31,34;25,64,33,37;114,72,36,40",
303,3,0,"301,50,31,34;23,64,34,38;112,72,36,40",
304,3,0,"302,49,32,34;20,64,33,38;110,72,35,40",
305,3,0,"304,49,31,35;17,64,34,38;108,73,35,41",
306,2,0,"14,64,35,39;105,74,37,40",
307,1,0,"12,64,34,38",
308,1,0,"10,63,35,39",
309,1,0,"7,62,36,40",
310,1,0,"5,61,36,39",
311,1,0,"1,60,37,41",
312,1,0,"0,59,37,40",
313,1,0,"-1,59,36,40",
314,2,0,"86,69,39,45;-1,58,35,40",
315,1,0,"-2,57,34,40",
316,1,0,"-2,56,33,42",
317,1,0,"-2,57,32,42",
318,1,0,"-1,59,31,43",
319,0,0,,
320,1,0,"82,74,40,46",
321,1,0,"81,74,43,50",
322,1,0,"80,75,43,50",
323,1,0,"80,76,43,51",
324,1,0,"79,78,42,50",
325,1,0,"78,79,43,50",
326,1,0,"77,79,43,51",
327,1,0,"77,80,42,50",
328,1,0,"76,80,42,50",
329,1,0,"74,80,42,49",
330,1,0,"73,79,42,50",
331,1,0,"70,78,44,50",
332,1,0,"69,77,44,51",
333,1,0,"67,74,46,55",
334,0,0,,
335,1,0,"362,75,34,37",
336,1,0,"365,74,34,38",
337,1,0,"369,73,34,39",
338,1,0,"372,73,34,38",
339,1,0,"375,72,34,39",
340,2,0,"47,74,48,57;377,71,35,40",
341,2,0,"43,74,49,59;380,69,35,40",
342,2,0,"39,76,49,58;382,68,35,40",
343,2,0,"35,75,49,60;385,68,34,40",
344,2,0,"30,74,50,62;388,67,31,40",
345,1,0,"24,72,50,63",
346,1,0,"17,70,52,65",
347,1,0,"10,69,53,67",
348,1,0,"2,68,55,68",
349,1,0,"-1,68,53,69",
350,1,0,"-4,68,51,70",
351,1,0,"-9,68,51,70",
352,0,0,,
353,0,0,,
354,0,0,,
355,0,0,,
356,0,0,,
357,0,0,,
358,0,0,,
359,0,0,,
360,0,0,,
361,1,0,"107,64,33,36",
362,1,0,"105,64,33,36",
363,1,0,"104,64,33,36",
364,1,0,"103,64,33,36",
365,1,0,"100,64,33,36",
366,1,0,"98,65,33,36",
367,1,0,"95,64,34,38",
368,1,0,"92,65,34,37",
369,1,0,"89,65,34,37",
370,1,0,"87,65,35,38",
371,1,0,"86,66,34,38",
372,1,0,"84,66,34,38",
373,1,0,"82,66,34,38",
374,1,0,"80,65,35,38",
375,1,0,"78,63,35,39",
376,1,0,"76,62,35,39",
377,1,0,"73,61,36,39",
378,1,0,"71,60,36,40",
379,1,0,"69,59,37,40",
380,1,0,"66,58,37,40",
381,1,0,"63,57,37,41",
382,1,0,"60,58,37,40",
383,1,0,"57,59,38,42",
384,1,0,"55,61,38,42",
385,1,0,"51,64,39,42",
386,1,0,"49,67,39,44",
387,1,0,"44,70,39,43",
388,1,0,"39,72,41,43",
389,1,0,"35,72,40,45",
390,1,0,"29,72,41,46",
391,1,1,"23,71,41,46","163,67,36,41"
392,1,1,"16,70,43,47","160,66,36,40"
393,1,1,"10,69,43,48","157,64,37,42"
394,1,1,"4,68,44,48","155,64,37,42"
395,1,0,"0,66,42,50",
396,1,0,"-3,67,41,49",
397,1,0,"-4,65,38,51",
398,1,0,"-8,65,38,51",
399,0,0,,
400,0,0,,
401,0,0,,
402,0,0,,
403,0,0,,
404,0,0,,
405,0,0,,
406,0,0,,
407,0,0,,
408,0,0,,
409,0,0,,
410,0,0,,
411,0,0,,
412,0,0,,
413,0,0,,
414,0,0,,
415,0,0,,
416,0,0,,
417,0,0,,
418,0,1,,"55,53,53,60"
419,0,0,,
420,0,0,,
421,0,0,,
422,0,0,,
423,0,0,,
424,0,0,,
425,1,0,"-1,62,62,72",
426,1,0,"-3,61,58,73",
427,1,0,"-10,61,59,73",
428,0,0,,
429,0,0,,
430,0,0,,
431,0,0,,
432,0,0,,
433,0,0,,
434,0,0,,
435,0,0,,
436,0,0,,
437,0,0,,
438,0,0,,
439,0,0,,
440,0,0,,
441,0,0,,
442,0,0,,
443,0,0,,
444,0,0,,
445,0,0,,
446,0,0,,
447,0,0,,
448,0,0,,
449,0,0,,
450,0,0,,
451,0,0,,
452,0,0,,
453,0,0,,
454,0,0,,
455,0,0,,
456,1,0,"72,70,31,34",
457,1,0,"71,69,31,34",
458,0,0,,
459,0,0,,
460,0,0,,
461,0,0,,
462,0,0,,
463,0,0,,
464,0,0,,
465,0,1,,"58,68,32,34"
466,0,1,,"56,68,32,36"
467,0,1,,"54,69,33,36"
468,0,1,,"52,69,32,36"
469,0,1,,"49,70,33,35"
470,0,1,,"46,69,34,36"
471,0,1,,"43,69,33,37"
472,0,1,,"39,69,34,37"
473,0,1,,"34,69,33,36"
474,0,1,,"30,69,33,36"
475,0,1,,"26,69,34,37"
476,0,1,,"23,69,34,36"
477,0,1,,"20,68,34,36"
478,0,1,,"15,66,35,38"
479,0,1,,"12,66,35,38"
480,0,1,,"8,66,36,38"
481,0,1,,"5,66,36,39"
482,0,1,,"1,67,37,40"
483,0,1,,"0,69,35,39"
484,0,1,,"-2,69,35,40"
485,0,1,,"-2,70,33,41"
486,0,1,,"-3,71,31,41"
487,0,1,,"-6,71,32,41"
488,0,0,,
489,0,0,,
490,0,0,,
491,0,0,,
492,0,0,,
493,0,0,,
494,0,0,,
495,0,0,,
496,0,0,,
497,0,0,,
498,0,0,,
499,0,0,,
500,0,0,,
501,0,0,,
502,0,0,,
503,0,0,,
504,0,0,,
505,0,0,,
506,0,0,,
507,0,0,,
508,0,0,,
509,0,0,,
510,0,0,,
511,0,0,,
512,0,0,,
513,0,0,,
514,0,0,,
515,0,0,,
516,0,0,,
517,0,0,,
518,0,0,,
519,0,0,,
520,0,0,,
521,0,0,,
522,0,0,,
523,0,0,,
524,0,0,,
525,0,0,,
526,0,0,,
527,0,0,,
528,0,0,,
529,0,1,,"346,51,33,37"
530,0,0,,
531,0,0,,
532,0,0,,
533,0,0,,
534,0,0,,
535,0,0,,
536,0,0,,
537,0,0,,
538,0,0,,
539,0,0,,
540,0,0,,
541,0,0,,
542,0,1,,"358,46,36,42"
543,0,1,,"359,46,36,42"
544,0,1,,"360,46,37,42"
545,0,1,,"361,45,36,42"
546,0,1,,"361,43,37,43"
547,0,1,,"363,42,36,42"
548,0,1,,"365,41,37,42"
549,0,1,,"366,40,38,42"
550,0,1,,"368,39,37,42"
551,0,1,,"370,39,37,42"
552,0,1,,"373,40,37,42"
553,0,1,,"376,40,38,42"
554,0,1,,"380,41,36,42"
555,0,0,,
556,0,0,,
557,0,0,,
558,0,0,,
559,0,1,,"184,40,35,42"
560,0,1,,"185,40,35,42"
561,0,1,,"187,42,34,39"
562,0,1,,"187,42,35,40"
563,0,1,,"188,41,36,41"
564,0,1,,"189,41,37,41"
565,0,1,,"192,42,36,41"
566,0,1,,"194,43,37,42"
567,0,1,,"195,45,38,42"
568,0,1,,"198,45,38,43"
569,0,1,,"199,46,38,43"
570,0,0,,
571,0,0,,
572,0,0,,
573,0,0,,
574,0,0,,
575,0,0,,
576,0,0,,
577,0,1,,"173,51,31,32"
578,0,1,,"175,51,30,32"
579,0,1,,"177,50,30,33"
580,0,1,,"179,51,31,32"
581,0,1,,"180,50,32,35"
582,0,2,,"228,31,44,49;181,49,32,35"
583,0,2,,"228,31,43,48;183,48,32,34"
584,0,2,,"230,30,42,48;185,46,32,35"
585,0,2,,"231,29,43,49;186,47,33,34"
586,0,2,,"233,31,43,49;188,47,33,35"
587,0,1,,"190,46,33,35"
588,0,1,,"193,45,32,35"
589,0,1,,"194,44,33,35"
590,0,1,,"197,42,33,36"
591,0,2,,"243,28,44,52;199,41,33,37"
592,0,2,,"246,27,44,53;201,42,33,36"
593,0,1,,"203,41,34,36"
594,0,1,,"204,40,34,37"
595,0,1,,"207,41,33,36"
596,0,1,,"208,41,33,36"
597,0,1,,"210,42,33,36"
598,0,1,,"212,43,33,36"
599,0,1,,"213,44,33,36"
600,0,1,,"213,44,34,37"
601,0,1,,"214,44,34,37"
602,0,1,,"215,44,34,37"
603,0,1,,"214,43,34,37"
604,0,1,,"213,43,34,37"
605,0,1,,"213,42,33,37"
606,1,1,"102,52,28,30","213,40,34,37"
607,0,1,,"214,37,34,37"
608,0,1,,"214,35,35,38"
609,0,1,,"216,33,34,38"
610,0,1,,"218,31,33,38"
611,1,1,"105,44,28,30","219,30,35,38"
612,1,1,"105,43,27,29","220,29,35,38"
613,1,1,"106,41,28,30","222,26,35,39"
614,1,1,"109,40,28,30","226,26,36,39"
615,1,1,"110,39,28,31","228,24,36,40"
616,1,1,"111,39,29,30","231,23,36,39"
617,1,1,"114,39,28,30","235,23,35,39"
618,1,1,"119,38,29,31","241,22,36,39"
619,1,1,"123,37,29,30","247,21,35,39"
620,1,1,"128,37,28,30","254,21,36,41"
621,1,1,"133,38,28,30","261,21,37,41"
622,1,1,"138,38,28,30","269,22,37,41"
623,1,1,"142,40,28,30","276,24,37,42"
624,1,1,"146,41,28,31","281,25,38,42"
625,1,1,"150,40,28,31","288,26,38,42"
626,1,1,"153,40,28,31","294,26,39,43"
627,1,1,"155,40,28,31","300,26,39,44"
628,1,1,"156,40,28,32","305,26,39,45"
629,0,1,,"309,26,40,45"
630,0,1,,"313,27,40,44"
631,0,1,,"317,27,40,44"
632,0,1,,"320,28,40,45"
633,0,1,,"323,29,40,44"
634,0,1,,"325,29,40,44"
635,0,1,,"327,28,40,45"
636,0,1,,"332,28,40,45"
637,0,1,,"335,27,40,45"
638,0,1,,"337,27,40,45"
639,0,1,,"340,28,40,46"
640,0,1,,"341,28,42,47"
641,0,1,,"345,29,41,46"
642,0,1,,"349,29,41,46"
643,1,1,"170,54,29,33","352,29,41,46"
644,1,1,"172,53,30,33","357,28,41,46"
645,1,1,"175,52,29,33","362,28,40,45"
646,1,0,"177,50,29,33",
647,1,0,"178,49,30,33",
648,1,0,"180,47,29,33",
649,1,0,"180,46,30,33",
650,1,0,"181,45,30,33",
651,1,0,"182,44,30,33",
652,1,0,"183,43,30,33",
653,1,0,"184,42,30,34",
654,1,0,"184,42,31,34",
655,1,0,"185,42,31,34",
656,1,0,"186,42,31,34",
657,1,0,"187,42,30,35",
658,1,0,"187,42,31,35",
659,1,0,"187,42,31,35",
660,1,0,"186,42,30,35",
661,1,0,"185,42,30,35",
662,1,0,"184,41,31,36",
663,0,0,,
664,0,0,,
665,0,0,,
666,0,0,,
667,0,0,,
668,0,0,,
669,0,0,,
670,0,0,,
671,0,0,,
672,0,0,,
673,0,0,,
674,0,0,,
675,0,0,,
676,0,0,,
677,0,0,,
678,0,0,,
679,0,0,,
680,0,0,,
681,0,0,,
682,1,0,"204,51,32,35",
683,1,0,"246,54,30,32",
684,1,0,"246,54,30,33",
685,0,0,,
686,0,0,,
687,1,0,"203,48,31,36",
688,1,0,"200,49,31,35",
689,1,0,"198,48,32,36",
690,1,0,"199,46,32,37",
691,2,0,"241,49,30,33;198,45,32,37",
692,2,0,"241,48,30,32;196,45,33,38",
693,2,0,"241,46,31,33;196,44,33,38",
694,2,0,"243,45,31,33;196,43,34,38",
695,2,0,"245,44,31,34;197,43,34,39",
696,1,0,"197,44,34,39",
697,1,0,"197,43,34,40",
698,1,0,"197,44,34,40",
699,1,0,"196,44,35,40",
700,1,0,"195,45,35,40",
701,2,0,"86,73,46,47;194,45,36,40",
702,2,0,"83,73,46,48;194,46,35,40",
703,2,1,"79,72,47,49;193,46,36,40","254,51,34,38"
704,2,1,"76,73,48,49;192,46,37,41","257,52,33,38"
705,2,1,"74,73,48,50;192,46,37,41","259,53,34,38"
706,2,1,"71,74,48,51;193,47,36,40","261,53,34,38"
707,2,1,"69,76,49,51;193,47,37,41","264,55,33,37"
708,2,1,"67,78,49,52;194,48,37,41","267,55,33,37"
709,2,1,"64,80,50,52;194,48,37,42","269,55,33,37"
710,2,1,"62,82,50,53;194,49,38,42","271,55,34,38"
711,2,1,"60,85,51,53;195,49,38,43","273,56,34,38"
712,2,1,"57,87,52,53;195,49,39,43","275,56,34,39"
713,2,1,"55,91,52,54;196,50,39,43","277,57,34,38"
714,2,1,"52,93,53,55;197,51,38,44","279,58,35,39"
715,2,1,"48,94,54,56;197,52,39,44","281,59,35,39"
716,2,1,"45,95,55,56;198,53,39,44","283,60,36,40"
717,2,1,"41,95,56,57;198,53,40,46","285,62,35,40"
718,2,1,"35,96,57,59;199,54,41,46","286,63,36,41"
719,2,1,"32,97,58,59;201,54,41,46","287,64,37,43"
720,2,1,"26,98,60,61;202,53,41,48","288,64,37,42"
721,2,1,"20,98,61,63;202,52,42,48","290,64,36,42"
722,2,1,"15,99,61,63;204,52,42,48","290,64,37,43"
723,2,1,"9,98,64,65;205,52,43,49","292,64,38,43"
724,2,1,"3,98,65,68;205,51,44,50","294,63,38,43"
725,2,1,"0,101,65,68;206,50,44,49","296,61,38,44"
726,2,1,"-3,104,64,69;209,49,44,50","299,60,38,44"
727,1,1,"211,49,44,50","301,59,40,47"
728,1,1,"214,49,45,51","306,59,39,46"
729,1,1,"216,49,45,52","309,59,41,47"
730,1,1,"219,50,47,53","313,58,42,48"
731,1,1,"223,51,47,53","317,58,42,48"
732,1,1,"227,52,49,55","323,59,41,49"
733,1,1,"232,53,49,55","329,59,42,49"
734,1,1,"236,54,50,57","335,60,43,50"
735,1,1,"240,54,52,58","342,60,44,52"
736,1,1,"245,54,53,60","350,61,44,51"
737,1,1,"251,54,53,61","357,61,45,52"
738,1,1,"256,52,54,63","364,59,47,55"
739,1,1,"262,50,57,65","372,59,45,55"
740,1,0,"266,47,59,68",
741,1,0,"272,44,61,71",
742,1,0,"278,43,63,73",
743,1,0,"285,42,65,76",
744,1,0,"293,39,67,78",
745,1,0,"303,41,69,81",
746,1,0,"313,40,72,85",
747,1,0,"323,42,76,89",
748,1,0,"333,43,79,94",
749,0,0,,
750,0,0,,
751,0,0,,
752,0,0,,
753,0,0,,
754,0,0,,
755,0,1,,"206,67,37,40"
756,0,1,,"209,67,37,40"
757,0,0,,
758,0,0,,
759,0,0,,
760,0,0,,
761,0,0,,
762,0,0,,
763,0,0,,
764,0,0,,
765,0,0,,
766,0,0,,
767,1,0,"136,73,30,33",
768,1,0,"138,71,30,34",
769,1,0,"140,71,31,35",
770,2,0,"251,59,39,43;142,70,32,35",
771,3,0,"187,50,33,37;253,57,40,45;143,68,32,35",
772,3,0,"189,48,33,38;256,57,40,45;144,68,32,35",
773,3,0,"191,47,34,38;259,56,41,46;145,67,32,36",
774,3,0,"193,47,34,39;263,54,41,47;146,67,32,36",
775,2,0,"194,46,35,38;146,67,32,35",
776,2,0,"194,45,35,39;145,66,32,35",
777,2,0,"195,44,35,39;145,66,32,35",
778,2,0,"196,44,34,38;145,67,31,35",
779,2,0,"194,43,35,39;143,67,32,35",
780,2,0,"194,43,35,38;142,67,32,35",
781,2,0,"195,42,35,40;141,68,32,36",
782,2,0,"194,42,36,40;140,68,33,37",
783,2,0,"194,42,36,40;138,69,34,37",
784,2,0,"194,42,35,40;137,70,33,38",
785,2,0,"194,42,35,40;135,70,34,38",
786,2,0,"193,43,36,40;134,71,34,38",
787,2,0,"194,44,35,40;133,71,34,38",
788,2,0,"194,44,36,41;133,71,35,39",
789,2,0,"195,45,36,41;132,70,35,39",
790,2,0,"195,44,36,43;133,71,35,39",
791,2,0,"195,44,37,42;133,71,36,40",
792,2,0,"195,43,38,43;133,70,36,40",
793,2,0,"194,43,39,44;134,70,36,40",
794,2,0,"195,43,38,43;134,70,37,41",
795,2,0,"195,42,38,43;134,70,37,41",
796,2,0,"195,40,39,44;134,69,37,41",
797,2,0,"196,37,39,44;135,68,37,41",
798,2,0,"197,36,38,44;135,68,37,42",
799,3,0,"35,42,54,62;197,36,38,44;135,69,38,42",
800,3,0,"31,42,55,64;197,36,39,44;134,69,38,43",
801,2,1,"197,35,39,44;134,70,38,43","357,30,60,73"
802,2,1,"198,34,39,45;133,70,39,44","361,29,57,72"
803,2,1,"198,33,40,45;133,69,39,45","365,30,54,71"
804,2,0,"198,32,40,46;132,69,40,46",
805,2,0,"199,32,40,46;132,68,40,47",
806,2,0,"198,31,41,47;131,67,40,47",
807,2,0,"198,30,41,48;130,66,41,48",
808,2,0,"198,29,41,48;129,65,41,49",
809,2,0,"198,29,42,49;127,65,42,50",
810,2,0,"197,28,43,49;125,65,42,50",
811,2,0,"197,27,43,49;123,64,43,51",
812,2,0,"197,26,42,50;120,64,44,51",
813,2,0,"196,26,43,50;117,64,44,52",
814,2,0,"194,24,44,52;113,65,45,53",
815,2,0,"193,24,44,52;109,65,45,54",
816,3,0,"3,67,44,49;191,23,44,52;104,66,46,54",
817,3,0,"0,68,44,50;188,22,46,53;99,67,46,55",
818,3,0,"-1,69,42,50;186,21,45,53;94,67,47,56",
819,3,0,"-2,71,40,50;182,19,47,55;89,69,47,56",
820,3,0,"-2,72,38,50;179,19,48,56;82,70,48,57",
821,3,0,"-3,72,35,50;176,18,48,56;75,71,49,57",
822,2,0,"171,18,49,57;68,72,48,58",
823,2,0,"167,18,49,57;60,74,50,58",
824,2,0,"163,18,50,58;51,72,50,59",
825,2,0,"158,18,50,59;41,71,52,60",
826,2,0,"152,16,51,60;32,70,53,62",
827,2,0,"146,15,52,61;22,69,54,63",
828,2,0,"140,15,52,62;13,68,56,65",
829,2,0,"134,14,52,62;3,66,56,67",
830,3,0,"355,57,34,38;124,11,54,64;-2,65,53,68",
831,2,0,"116,9,55,65;-6,64,49,69",
832,1,0,"107,8,56,66",
833,1,0,"98,6,56,68",
834,1,0,"88,5,58,70",
835,2,0,"348,62,35,40;77,4,59,70",
836,2,0,"348,63,35,40;67,1,60,70",
837,2,0,"347,63,35,40;59,0,62,72",
838,2,0,"347,62,35,41;48,0,63,74",
839,2,0,"345,60,36,41;34,0,66,72",
840,2,0,"343,59,36,40;20,0,67,71",
841,2,0,"342,59,35,40;5,0,69,71",
842,2,0,"340,57,35,40;-1,0,67,73",
843,1,0,"338,58,36,40",
844,1,0,"336,57,36,41",
845,1,0,"334,57,36,41",
846,1,0,"332,57,36,41",
847,1,0,"330,56,36,42",
848,1,0,"328,55,36,42",
849,1,0,"327,54,36,42",
850,1,0,"325,55,37,42",
851,1,0,"324,55,37,43",
852,1,0,"324,55,37,43",
853,1,1,"324,56,37,43","255,78,35,39"
854,1,1,"325,57,38,44","257,79,34,38"
855,1,1,"327,58,39,44","258,81,34,38"
856,1,1,"328,57,40,45","259,81,35,39"
857,1,1,"330,56,41,46","261,82,36,41"
858,1,1,"333,55,41,47","263,82,37,42"
859,1,1,"335,54,41,47","266,82,36,40"
860,1,1,"338,54,42,48","269,82,36,41"
861,1,1,"340,54,43,48","271,82,38,43"
862,1,1,"343,54,43,49","274,82,38,43"
863,1,1,"346,53,43,49","276,82,39,44"
864,1,1,"350,53,44,49","279,79,40,45"
865,2,1,"180,61,46,50;354,52,45,51","283,80,38,44"
866,3,1,"66,80,40,43;183,63,44,49;358,51,46,53","286,80,39,44"
867,3,1,"63,80,41,44;184,65,46,50;362,51,46,54","289,80,39,44"
868,4,1,"263,41,34,39;61,80,42,44;188,67,46,51;368,51,46,53","293,81,40,45"
869,4,1,"265,40,35,39;60,80,42,44;183,55,60,68;372,51,45,54","297,82,40,46"
870,3,1,"267,39,34,38;183,49,65,75;375,51,44,56","301,83,41,47"
871,1,1,"268,39,35,38","305,85,42,48"
872,1,1,"270,38,34,39","309,86,42,49"
873,1,1,"271,38,35,40","313,88,42,49"
874,1,1,"273,38,35,40","318,90,44,50"
875,1,1,"44,84,45,48","323,91,44,50"
876,1,1,"41,86,45,48","329,91,45,52"
877,1,1,"11,59,39,43","334,92,46,52"
878,1,1,"5,59,39,42","340,92,46,53"
879,0,1,,"346,92,47,54"
880,0,1,,"353,93,47,54"
881,0,1,,"359,94,49,56"
882,0,1,,"367,94,48,57"
883,1,1,"11,91,47,52","372,95,47,57"
884,1,0,"8,92,48,53",
885,0,0,,
886,0,0,,
887,0,0,,
888,1,0,"295,37,41,46",
889,1,0,"296,35,42,46",
890,1,0,"298,34,42,47",
891,0,0,,
892,0,0,,
893,1,0,"104,47,37,40",
894,1,0,"103,46,37,39",
895,2,0,"309,29,43,48;102,45,38,40",
896,2,0,"311,29,44,49;101,45,39,41",
897,2,0,"314,29,46,52;101,45,39,43",
898,2,0,"318,28,46,52;100,46,40,43",
899,2,0,"320,28,47,53;100,47,40,45",
900,2,0,"323,28,48,54;100,49,41,46",
901,2,0,"328,27,48,55;100,48,41,47",
902,2,0,"334,25,48,55;100,49,42,48",
903,2,0,"339,23,49,56;100,47,43,49",
904,2,0,"345,20,49,56;100,45,43,50",
905,2,0,"349,17,50,56;100,44,43,48",
906,2,0,"353,14,52,59;100,42,43,48",
907,2,0,"357,13,53,59;99,41,43,48",
908,2,0,"362,10,54,61;98,39,43,49",
909,2,0,"365,9,54,63;96,37,45,50",
910,2,0,"370,8,51,63;95,37,45,49",
911,1,0,"94,37,45,50",
912,1,0,"90,37,46,50",
913,1,0,"86,37,47,52",
914,1,0,"81,37,48,54",
915,1,0,"74,38,49,55",
916,1,0,"68,40,51,57",
917,1,0,"62,41,52,59",
918,1,0,"58,43,53,61",
919,1,0,"52,44,55,63",
920,1,0,"45,44,56,64",
921,1,0,"38,46,57,65",
922,1,0,"30,47,61,70",
923,1,0,"21,48,61,70",
924,1,0,"8,48,65,74",
925,1,0,"0,46,62,74",
926,1,0,"-4,42,58,76",
927,1,0,"-10,43,59,76",
928,0,0,,
929,0,0,,
930,0,0,,
931,0,0,,
932,0,0,,
933,0,0,,
934,0,0,,
935,0,0,,
936,0,0,,
937,0,0,,
938,0,0,,
939,0,0,,
940,1,0,"133,37,43,48",
941,1,0,"132,37,44,49",
942,1,0,"131,37,45,50",
943,1,0,"131,37,46,51",
944,1,0,"131,37,48,53",
945,1,0,"131,36,48,54",
946,1,1,"132,34,50,55","272,56,38,41"
947,1,1,"134,33,50,55","272,56,38,42"
948,1,1,"136,31,51,56","271,57,38,42"
949,1,0,"138,29,51,58",
950,1,0,"139,27,52,58",
951,1,0,"142,25,53,59",
952,1,0,"145,23,53,60",
953,1,0,"147,20,55,61",
954,2,0,"269,66,39,42;151,19,56,62",
955,2,0,"268,66,41,43;154,18,57,64",
956,2,0,"269,66,41,42;159,19,57,64",
957,1,0,"165,20,57,65",
958,1,0,"172,23,58,66",
959,1,0,"178,26,60,67",
960,1,0,"184,27,62,70",
961,1,0,"192,29,64,74",
962,1,1,"201,32,65,75","288,68,44,47"
963,0,1,,"294,68,42,46"
964,0,1,,"298,69,43,46"
965,0,1,,"303,69,43,46"
966,0,1,,"309,69,43,46"
967,0,2,,"239,11,86,100;316,70,45,48"
968,0,2,,"254,8,87,103;323,70,46,49"
969,0,2,,"263,1,96,113;330,71,45,50"
970,0,2,,"274,-2,100,114;337,71,47,52"
971,0,1,,"290,-4,104,115"
972,0,0,,
973,0,0,,
974,1,0,"61,76,34,37",
975,1,0,"63,76,33,37",
976,1,0,"65,75,34,38",
977,1,0,"68,76,33,36",
978,0,0,,
979,0,0,,
980,0,0,,
981,0,0,,
982,1,0,"135,65,37,41",
983,1,0,"136,64,37,41",
984,1,0,"137,64,37,42",
985,1,0,"138,63,38,41",
986,1,0,"138,62,38,42",
987,1,0,"138,62,38,43",
988,1,0,"136,61,40,44",
989,1,0,"134,61,40,44",
990,2,0,"54,33,57,65;132,61,40,44",
991,2,0,"43,32,59,68;130,61,40,45",
992,2,0,"31,31,61,71;128,62,39,45",
993,2,0,"21,30,62,72;126,63,40,46",
994,2,0,"11,28,63,74;124,63,40,46",
995,1,0,"121,63,41,46",
996,1,0,"120,64,41,46",
997,1,0,"117,63,42,47",
998,1,0,"114,64,42,47",
999,1,0,"111,65,42,47",
1000,1,0,"109,66,42,49",
1001,1,0,"106,67,43,49",
1002,1,0,"103,68,44,49",
1003,1,0,"100,70,45,50",
1004,1,0,"98,71,45,51",
1005,1,0,"95,72,46,52",
1006,1,0,"92,73,46,52",
1007,1,0,"89,74,48,54",
1008,2,0,"-1,91,36,46;86,76,48,54",
1009,2,0,"161,72,35,39;82,77,49,54",
1010,2,0,"160,72,33,37;78,79,49,55",
1011,2,0,"158,72,33,37;73,81,50,56",
1012,2,0,"155,71,35,38;69,81,51,58",
1013,1,0,"65,81,53,60",
1014,1,0,"60,80,53,61",
1015,1,0,"56,80,54,62",
1016,1,0,"51,78,55,63",
1017,1,0,"47,77,56,65",
1018,1,0,"42,75,57,66",
1019,1,0,"36,74,59,68",
1020,1,0,"31,73,61,69",
1021,2,0,"341,87,35,39;26,71,61,70",
1022,2,1,"344,86,36,42;19,70,64,73","141,69,36,42"
1023,2,1,"347,87,36,41;12,70,66,76","139,68,36,43"
1024,1,1,"3,69,68,80","136,67,38,44"
1025,1,1,"0,69,67,83","135,66,38,43"
1026,1,1,"-3,68,65,85","133,63,38,44"
1027,1,1,"-4,68,64,86","130,61,39,44"
1028,1,1,"-5,68,61,87","127,58,40,46"
1029,0,0,,
1030,0,0,,
1031,0,1,,"224,59,34,38"
1032,0,0,,
1033,0,0,,
1034,0,0,,
1035,0,0,,
1036,0,0,,
1037,0,1,,"228,59,37,40"
1038,0,0,,
1039,0,0,,
1040,0,0,,
1041,0,0,,
1042,0,0,,
1043,0,0,,
1044,0,0,,
1045,1,1,"11,76,39,47","227,76,35,38"
1046,1,1,"9,77,39,46","227,77,35,39"
1047,0,1,,"226,77,37,41"
1048,0,1,,"226,77,37,41"
1049,0,2,,"10,67,61,68;227,77,39,42"
1050,0,2,,"0,68,62,70;229,76,39,43"
1051,0,1,,"231,76,38,42"
1052,0,1,,"232,75,38,42"
1053,0,1,,"233,74,39,42"
1054,0,1,,"234,74,39,42"
1055,0,1,,"235,73,41,45"
1056,0,1,,"236,72,43,47"
1057,0,1,,"237,72,45,48"
1058,0,1,,"239,71,45,50"
1059,0,1,,"242,71,45,50"
1060,0,1,,"244,70,47,51"
1061,0,1,,"248,72,46,50"
1062,0,1,,"253,72,45,50"
1063,0,1,,"258,71,46,50"
1064,0,1,,"263,69,47,51"
1065,0,1,,"267,67,49,53"
1066,1,1,"311,59,32,35","273,64,48,54"
1067,1,1,"312,58,31,33","278,62,48,53"
1068,1,1,"313,56,31,34","281,57,51,56"
1069,0,1,,"284,53,52,57"
1070,0,1,,"288,51,55,61"
1071,0,1,,"292,49,56,62"
1072,0,1,,"296,47,57,65"
1073,0,1,,"302,48,59,66"
1074,0,1,,"305,49,61,69"
1075,0,1,,"311,51,62,70"
1076,0,1,,"316,54,65,74"
1077,0,1,,"323,53,66,75"
1078,0,1,,"332,58,67,77"
1079,0,0,,
1080,0,0,,
1081,0,0,,
1082,0,0,,
1083,0,0,,
1084,0,0,,
1085,0,1,,"233,55,36,41"
1086,0,1,,"232,55,37,43"
1087,0,2,,"325,55,37,41;233,54,38,43"
1088,0,2,,"326,55,38,42;234,54,37,41"
1089,0,2,,"328,54,39,43;235,54,37,41"
1090,0,2,,"329,52,39,44;236,53,37,41"
1091,0,2,,"331,52,39,43;236,52,38,43"
1092,0,2,,"333,50,38,43;237,51,38,43"
1093,0,2,,"334,50,39,43;237,50,38,44"
1094,0,2,,"336,49,39,44;238,48,39,45"
1095,0,2,,"339,49,38,43;239,47,40,44"
1096,0,2,,"342,49,38,42;240,46,39,44"
1097,0,2,,"343,48,39,43;241,46,39,42"
1098,0,2,,"346,49,40,44;242,46,39,43"
1099,0,2,,"347,49,41,45;243,45,40,44"
1100,0,2,,"349,49,40,45;244,45,40,44"
1101,0,2,,"351,49,40,44;245,45,40,45"
1102,0,2,,"352,48,41,46;245,44,41,46"
1103,0,2,,"353,46,42,46;247,43,41,45"
1104,0,2,,"354,44,42,47;248,42,41,46"
1105,0,2,,"355,43,42,46;249,41,41,47"
1106,0,2,,"357,42,43,47;250,41,42,48"
1107,0,2,,"359,40,44,49;251,40,43,49"
1108,0,2,,"362,39,43,49;252,38,44,51"
1109,0,2,,"365,39,45,50;254,37,45,52"
1110,0,2,,"369,39,45,49;258,36,44,51"
1111,0,2,,"372,40,45,52;260,37,45,50"
1112,0,2,,"376,40,43,53;262,37,45,51"
1113,0,2,,"379,42,41,53;264,38,46,52"
1114,0,1,,"268,41,45,51"
1115,0,1,,"270,43,46,52"
1116,0,1,,"274,44,46,52"
1117,0,1,,"277,46,46,52"
1118,0,1,,"280,47,48,53"
1119,0,1,,"285,47,47,52"
1120,0,1,,"289,47,47,52"
1121,0,1,,"293,46,47,51"
1122,0,1,,"297,45,47,52"
1123,0,1,,"300,43,49,56"
1124,0,1,,"303,42,50,56"
1125,0,1,,"306,39,51,59"
1126,0,1,,"310,38,51,60"
1127,0,1,,"315,39,52,59"
1128,0,1,,"319,39,52,59"
1129,0,1,,"322,40,53,60"
1130,0,1,,"325,42,53,60"
1131,0,1,,"330,43,54,61"
1132,0,1,,"339,45,51,57"
1133,0,1,,"343,45,52,57"
1134,0,0,,
1135,0,0,,
1136,0,0,,
1137,0,0,,
1138,0,0,,
1139,0,0,,
1140,0,0,,
1141,0,0,,
1142,0,0,,
1143,0,0,,
1144,0,0,,
1145,0,0,,
1146,0,0,,
1147,0,0,,
1148,0,0,,
1149,0,0,,
1150,0,0,,
1151,0,0,,
1152,0,1,,"331,55,37,42"
1153,0,1,,"334,55,36,41"
1154,0,1,,"336,54,35,41"
1155,0,1,,"337,52,36,42"
1156,0,1,,"338,51,36,42"
1157,1,1,"91,60,31,32","340,50,36,42"
1158,1,1,"90,59,31,33","342,49,36,42"
1159,1,1,"89,59,33,35","343,48,36,42"
1160,1,1,"88,57,35,38","345,48,37,42"
1161,1,1,"85,56,37,38","346,48,38,43"
1162,1,1,"83,55,36,37","348,48,37,43"
1163,1,1,"81,54,35,37","349,48,38,43"
1164,1,1,"79,54,34,36","351,48,38,43"
1165,1,1,"77,54,35,36","353,47,38,44"
1166,1,1,"75,54,36,38","355,47,38,44"
1167,1,1,"72,53,36,39","356,46,39,44"
1168,1,1,"68,54,36,39","357,45,39,44"
1169,1,1,"65,54,37,40","358,44,39,45"
1170,1,1,"61,54,37,39","360,43,39,45"
1171,1,1,"57,54,36,39","361,43,40,45"
1172,1,1,"52,55,38,40","363,41,41,46"
1173,1,1,"48,55,39,42","364,40,41,46"
1174,1,1,"43,56,39,42","366,38,42,47"
1175,1,1,"37,57,42,44","367,36,42,48"
1176,1,1,"30,57,43,46","369,35,42,49"
1177,1,1,"23,57,44,47","371,34,42,49"
1178,1,1,"17,56,45,47","373,34,43,49"
1179,1,1,"10,55,44,47","375,33,42,50"
1180,1,1,"3,54,45,48","377,33,41,50"
1181,1,1,"-1,54,43,48","379,32,40,52"
1182,1,0,"-3,53,40,48",
1183,1,0,"-4,53,37,48",
1184,1,0,"-9,53,38,48",
1185,0,0,,
1186,0,0,,
1187,0,0,,
1188,0,0,,
1189,0,0,,
1190,0,0,,
1191,0,0,,
1192,0,0,,
1193,0,0,,
1194,0,0,,
1195,0,0,,
1196,0,0,,
1197,0,0,,
1198,0,0,,
1199,0,0,,
1200,0,0,,
1201,0,0,,
1202,0,0,,
1203,0,0,,
1204,0,0,,
1205,0,0,,
1206,0,0,,
1207,0,0,,
1208,0,0,,
1209,0,0,,
1210,0,0,,
1211,0,0,,
1212,0,0,,
1213,0,0,,
1214,0,0,,
1215,0,0,,
1216,0,0,,
1217,0,0,,
1218,0,0,,
1219,0,0,,
1220,0,0,,
1221,0,0,,
1222,0,0,,
1223,0,0,,
1224,0,0,,
1225,0,0,,
1226,0,0,,
1227,0,0,,
1228,0,0,,
1229,0,0,,
1230,0,0,,
1231,0,0,,
1232,0,0,,
1233,0,0,,
1234,0,0,,
1235,0,0,,
1236,0,0,,
1237,0,0,,
1238,0,0,,
1239,0,0,,
1240,1,0,"59,77,41,47",
1241,1,0,"53,76,41,45",
1242,1,0,"49,74,40,46",
1243,1,0,"45,73,41,46",
1244,1,0,"41,75,41,45",
1245,1,0,"38,75,42,46",
1246,1,0,"35,76,43,47",
1247,1,0,"32,76,44,50",
1248,1,0,"28,77,45,51",
1249,1,0,"24,78,46,51",
1250,1,0,"19,79,47,53",
1251,2,0,"209,47,31,34;14,82,49,54",
1252,2,0,"209,46,32,35;8,83,49,55",
1253,2,0,"209,46,32,34;2,84,50,56",
1254,2,0,"209,45,33,35;-1,86,48,57",
1255,2,0,"210,45,33,36;-3,86,47,59",
1256,2,0,"212,45,33,36;-4,85,45,58",
1257,1,0,"214,45,33,37",
1258,1,0,"215,45,34,37",
1259,1,0,"217,44,34,38",
1260,1,0,"219,45,34,38",
1261,1,0,"221,47,34,36",
1262,1,0,"222,46,35,38",
1263,1,0,"224,46,35,39",
1264,1,0,"225,46,35,38",
1265,1,0,"227,46,35,39",
1266,1,0,"228,46,36,38",
1267,1,0,"230,45,35,39",
1268,1,0,"231,45,35,38",
1269,1,0,"231,44,36,38",
1270,1,0,"232,43,35,39",
1271,1,0,"231,42,37,39",
1272,1,0,"231,41,37,40",
1273,1,0,"231,40,37,41",
1274,1,0,"232,40,36,40",
1275,1,0,"231,40,36,40",
1276,1,0,"232,40,36,40",
1277,1,0,"233,40,36,41",
1278,1,0,"234,40,37,41",
1279,1,0,"234,40,37,41",
1280,1,0,"234,40,37,41",
1281,1,0,"234,39,39,43",
1282,1,0,"235,37,38,43",
1283,1,0,"236,35,39,43",
1284,1,0,"106,60,30,33",
1285,1,0,"105,62,30,33",
1286,1,0,"104,63,30,33",
1287,1,0,"105,63,29,33",
1288,0,0,,
1289,0,0,,
1290,0,0,,
1291,0,0,,
1292,0,0,,
1293,0,0,,
1294,0,0,,
1295,0,0,,
1296,0,0,,
1297,0,0,,
1298,0,0,,
1299,0,0,,
1300,0,0,,
1301,0,0,,
1302,0,0,,
1303,0,0,,
1304,0,0,,
1305,0,0,,
1306,1,0,"73,64,31,34",
1307,1,0,"71,63,31,35",
1308,1,0,"68,62,32,35",
1309,1,0,"66,59,32,36",
1310,1,0,"64,57,32,36",
1311,1,0,"61,55,33,36",
1312,1,0,"60,53,32,37",
1313,1,0,"58,52,32,37",
1314,1,1,"56,52,32,37","183,63,33,39"
1315,1,0,"54,52,32,36",
1316,1,0,"51,51,32,37",
1317,1,0,"48,50,33,37",
1318,0,0,,
1319,0,0,,
1320,0,0,,
1321,0,0,,
1322,0,0,,
1323,0,0,,
1324,0,1,,"170,62,35,42"
1325,0,0,,
1326,0,0,,
1327,0,0,,
1328,0,0,,
1329,0,0,,
1330,0,0,,
1331,0,0,,
1332,0,0,,
1333,0,0,,
1334,0,0,,
1335,1,0,"133,56,34,37",
1336,1,0,"130,57,35,37",
1337,1,0,"128,59,34,38",
1338,1,0,"125,60,35,38",
1339,1,0,"122,60,35,38",
1340,1,0,"120,59,36,40",
1341,1,0,"117,59,36,41",
1342,0,0,,
1343,0,0,,
1344,0,1,,"139,70,40,47"
1345,1,1,"309,64,38,40","140,70,39,46"
1346,1,1,"312,62,38,40","139,69,40,46"
1347,1,1,"314,58,39,41","139,68,40,46"
1348,1,1,"316,56,40,42","138,67,41,46"
1349,1,1,"318,54,40,42","138,66,40,46"
1350,1,1,"320,52,41,43","137,65,40,46"
1351,1,1,"322,50,42,44","135,64,41,47"
1352,1,1,"325,50,42,45","133,64,41,47"
1353,1,1,"327,50,43,46","130,64,42,49"
1354,1,1,"329,49,44,47","128,65,42,48"
1355,1,1,"331,49,45,48","126,66,42,49"
1356,1,1,"333,49,45,48","123,66,43,49"
1357,0,1,,"121,67,43,49"
1358,0,1,,"117,67,43,49"
1359,0,1,,"115,67,43,49"
1360,1,1,"47,70,39,44","112,66,43,49"
1361,2,1,"359,53,49,51;46,71,37,43","108,65,44,50"
1362,1,1,"364,53,51,53","105,66,44,50"
1363,0,1,,"100,66,45,51"
1364,0,1,,"96,66,47,54"
1365,0,1,,"90,67,48,55"
1366,0,1,,"86,68,49,57"
1367,0,1,,"81,69,50,58"
1368,0,1,,"77,72,50,58"
1369,0,1,,"71,73,51,59"
1370,0,1,,"65,76,52,61"
1371,0,1,,"59,78,53,62"
1372,0,1,,"54,82,53,62"
1373,0,1,,"48,84,55,64"
1374,0,1,,"41,86,56,65"
1375,0,1,,"36,89,56,65"
1376,0,1,,"29,91,57,67"
1377,0,1,,"22,92,59,68"
1378,0,1,,"14,92,60,71"
1379,0,1,,"5,93,63,73"
1380,0,1,,"0,94,60,74"
1381,0,0,,
1382,1,0,"152,94,29,33",
1383,1,0,"151,95,30,32",
1384,1,0,"151,95,29,33",
1385,1,0,"150,97,31,34",
1386,1,0,"149,98,31,35",
1387,1,0,"149,100,30,35",
1388,1,0,"148,103,30,34",
1389,1,0,"147,104,31,34",
1390,1,0,"147,105,30,34",
1391,1,0,"146,105,31,35",
1392,1,0,"145,104,31,34",
1393,1,0,"145,102,31,35",
1394,1,0,"146,100,32,36",
1395,1,0,"147,99,31,36",
1396,1,0,"147,98,32,36",
1397,1,0,"147,97,31,36",
1398,1,0,"147,96,31,35",
1399,1,0,"147,95,31,35",
1400,1,0,"148,94,31,35",
1401,1,0,"148,93,31,36",
1402,1,0,"149,92,31,35",
1403,1,0,"150,92,31,35",
1404,1,0,"150,92,32,35",
1405,1,0,"151,92,31,35",
1406,1,0,"152,92,31,36",
1407,2,0,"277,35,44,53;153,93,31,36",
1408,1,0,"152,95,32,35",
1409,1,0,"152,97,32,36",
1410,1,0,"152,98,33,37",
1411,1,0,"152,99,32,37",
1412,1,0,"151,100,33,37",
1413,1,0,"151,101,33,37",
1414,1,0,"151,101,33,37",
1415,1,0,"150,102,34,37",
1416,1,0,"149,103,34,38",
1417,2,0,"318,92,38,42;149,104,34,38",
1418,2,0,"319,92,38,42;148,104,34,39",
1419,2,0,"320,91,39,42;148,105,34,39",
1420,2,0,"322,89,39,43;147,104,34,39",
1421,1,0,"324,86,40,44",
1422,1,0,"326,85,40,44",
1423,1,0,"330,84,40,44",
1424,1,0,"333,83,41,46",
1425,1,0,"337,82,40,46",
1426,2,0,"54,99,31,35;339,80,43,48",
1427,1,0,"53,98,32,37",
1428,1,1,"52,98,33,38","137,102,37,42"
1429,1,1,"51,97,34,39","136,101,37,42"
1430,1,1,"50,97,34,38","135,99,39,45"
1431,1,1,"50,96,34,38","134,97,39,44"
1432,1,1,"48,94,35,39","133,96,38,44"
1433,2,1,"203,85,40,44;48,93,35,39","132,95,39,43"
1434,1,1,"47,91,35,40","132,92,38,44"
1435,0,1,,"131,91,39,45"
1436,0,1,,"131,90,38,44"
1437,0,1,,"131,89,38,44"
1438,1,1,"206,77,42,46","132,89,38,43"
1439,1,1,"207,77,42,45","133,88,38,44"
1440,1,1,"207,75,43,47","133,88,38,44"
1441,1,1,"206,74,43,48","133,87,39,44"
1442,1,1,"204,74,44,48","133,85,39,45"
1443,1,1,"204,73,43,48","133,84,39,45"
1444,1,1,"203,73,43,48","134,81,40,46"
1445,1,1,"202,73,43,48","134,80,40,46"
1446,1,1,"200,73,43,49","134,79,40,46"
1447,1,1,"198,74,44,48","134,78,40,47"
1448,1,1,"197,74,44,49","134,78,41,46"
1449,1,1,"195,74,44,49","133,78,42,47"
1450,1,1,"192,73,45,49","130,77,42,47"
1451,1,1,"189,71,45,49","128,76,42,48"
1452,1,1,"186,69,45,49","125,75,42,48"
1453,1,1,"184,68,46,49","122,74,43,49"
1454,1,1,"182,67,47,51","120,75,45,51"
1455,1,1,"180,67,46,50","119,76,44,52"
1456,0,1,,"115,78,45,52"
1457,0,1,,"112,81,44,51"
1458,0,1,,"108,83,45,52"
1459,0,1,,"104,84,44,52"
1460,0,1,,"100,85,44,52"
1461,0,1,,"95,86,45,52"
1462,0,2,,"157,68,57,65;90,86,45,54"
1463,0,2,,"155,69,57,65;83,86,47,55"
1464,0,2,,"152,71,57,64;78,85,48,57"
1465,0,2,,"153,72,55,62;73,85,48,57"
1466,0,2,,"150,72,55,63;68,84,49,58"
1467,0,2,,"148,72,55,64;63,83,49,59"
1468,0,2,,"147,72,56,65;58,83,49,58"
1469,0,1,,"53,82,50,60"
1470,0,1,,"47,81,51,60"
1471,0,1,,"40,80,52,62"
1472,0,1,,"31,78,54,64"
1473,0,1,,"25,77,54,65"
1474,0,1,,"17,78,56,66"
1475,0,1,,"10,78,57,67"
1476,0,2,,"115,58,60,71;4,78,57,69"
1477,0,2,,"109,53,67,79;0,78,58,70"
1478,0,1,,"-2,76,56,72"
1479,0,1,,"-4,75,53,72"
1480,0,0,,
1481,0,0,,
1482,0,0,,
1483,0,0,,
1484,0,0,,
1485,0,0,,
1486,0,0,,
1487,0,0,,
1488,0,1,,"16,51,83,94"
1489,0,1,,"1,51,87,98"
1490,0,1,,"-4,57,82,98"
1491,0,0,,
1492,0,0,,
1493,0,0,,
1494,0,0,,
1495,1,0,"231,65,36,37",
1496,1,0,"231,65,36,37",
1497,1,0,"230,64,36,38",
1498,1,0,"230,64,36,38",
1499,1,0,"229,64,37,38",
1500,1,1,"229,63,36,38","173,45,38,44"
1501,1,1,"228,62,37,39","172,45,37,42"
1502,1,1,"227,62,38,40","170,45,36,41"
1503,1,1,"226,61,38,41","169,46,36,41"
1504,1,1,"225,62,39,42","166,46,37,41"
1505,1,1,"225,63,39,42","164,46,39,45"
1506,1,1,"224,65,39,41","161,47,39,44"
1507,1,0,"225,65,39,43",
1508,1,0,"224,65,42,44",
1509,1,0,"225,65,42,45",
1510,1,0,"225,65,43,45",
1511,1,0,"227,64,43,46",
1512,1,0,"229,64,43,46",
1513,1,0,"228,61,44,47",
1514,1,0,"230,59,45,48",
1515,1,0,"230,57,45,49",
1516,1,0,"231,56,46,49",
1517,1,0,"232,55,46,50",
1518,2,0,"130,35,48,54;233,55,47,50",
1519,2,0,"127,34,52,59;232,56,47,51",
1520,2,0,"123,33,51,58;233,58,47,51",
1521,2,0,"121,32,50,58;234,61,48,51",
1522,2,0,"118,32,49,55;234,63,49,52",
1523,2,0,"115,30,50,57;234,65,49,53",
1524,2,0,"112,29,54,62;233,67,50,53",
1525,2,0,"107,28,56,65;231,63,50,55",
1526,2,0,"104,27,54,62;229,59,51,57",
1527,0,0,,
1528,0,0,,
1529,0,0,,
1530,0,0,,
1531,0,0,,
1532,0,0,,
1533,0,0,,
1534,1,0,"106,7,59,69",
1535,1,0,"107,8,63,75",
1536,1,0,"108,6,64,75",
1537,1,0,"107,4,64,74",
1538,1,0,"107,2,65,76",
1539,1,0,"105,0,64,74",
1540,1,0,"106,0,65,75",
1541,1,0,"104,0,66,75",
1542,1,0,"104,0,68,77",
1543,1,0,"103,0,69,78",
1544,1,0,"99,0,70,78",
1545,1,0,"96,0,71,80",
1546,0,0,,
1547,0,0,,
1548,0,0,,
1549,0,0,,
1550,0,0,,
1551,0,0,,
1552,0,0,,
1553,0,0,,
1554,0,0,,
1555,0,0,,
1556,0,0,,
1557,0,0,,
1558,0,0,,
1559,0,0,,
1560,0,0,,
1561,0,0,,
1562,0,0,,
1563,0,0,,
1564,0,0,,
1565,0,0,,
1566,0,0,,
1567,0,0,,
1568,0,0,,
1569,0,0,,
1570,0,0,,
1571,0,0,,
1572,0,0,,
1573,0,0,,
1574,0,0,,
1575,0,0,,
1576,0,0,,
1577,0,0,,
1578,0,0,,
1579,0,0,,
1580,0,0,,
1581,0,0,,
1582,0,0,,
1583,0,0,,
1584,0,0,,
1585,0,0,,
1586,0,1,,"47,55,36,41"
1587,0,1,,"44,55,37,40"
1588,0,1,,"42,55,36,40"
1589,0,1,,"40,54,36,41"
1590,0,1,,"37,55,36,40"
1591,0,0,,
1592,0,0,,
1593,0,0,,
1594,0,0,,
1595,0,0,,
1596,0,0,,
1597,0,0,,
1598,0,0,,
1599,0,0,,
1600,0,0,,
1601,0,0,,
1602,0,0,,
1603,0,0,,
1604,0,0,,
1605,0,0,,
1606,0,0,,
1607,0,0,,
1608,0,0,,
1609,0,0,,
1610,0,0,,
1611,0,0,,
1612,0,0,,
1613,0,0,,
1614,0,0,,
1615,0,0,,
1616,0,0,,
1617,0,0,,
1618,0,1,,"183,19,54,58"
1619,0,1,,"187,20,56,60"
1620,0,1,,"191,21,58,63"
1621,0,1,,"194,23,57,61"
1622,0,1,,"199,23,57,64"
1623,0,1,,"202,23,59,66"
1624,0,1,,"206,23,60,67"
1625,0,1,,"208,23,62,69"
1626,0,1,,"213,22,63,72"
1627,0,1,,"216,23,64,72"
1628,0,1,,"220,22,65,74"
1629,0,1,,"223,19,67,77"
1630,0,1,,"228,15,69,79"
1631,0,1,,"236,10,70,80"
1632,0,1,,"241,5,73,83"
1633,0,1,,"250,1,73,83"
1634,0,1,,"257,0,75,84"
1635,0,1,,"265,0,81,87"
1636,0,1,,"272,-1,86,87"
1637,0,1,,"280,-3,87,85"
1638,0,1,,"291,0,94,89"
1639,0,0,,
1640,0,0,,
1641,0,0,,
1642,0,0,,
1643,0,0,,
1644,0,0,,
1645,0,0,,
1646,1,0,"0,62,26,35",
1647,1,0,"-1,64,24,35",
1648,0,0,,
1649,0,0,,
1650,0,0,,
1651,0,0,,
1652,0,0,,
1653,0,0,,
1654,0,0,,
1655,0,0,,
1656,0,0,,
1657,0,0,,
1658,0,0,,
1659,0,0,,
1660,0,1,,"154,63,42,49"
1661,0,1,,"152,62,43,50"
1662,0,0,,
1663,0,0,,
1664,0,0,,
1665,0,0,,
1666,0,0,,
1667,1,0,"146,61,48,55",
1668,1,0,"152,63,46,54",
1669,1,0,"156,66,46,52",
1670,1,0,"157,70,45,52",
1671,1,0,"152,72,45,52",
1672,1,0,"151,75,44,52",
1673,2,0,"131,46,35,39;151,76,44,52",
1674,1,0,"149,76,45,52",
1675,1,0,"146,76,46,53",
1676,1,0,"144,77,46,53",
1677,1,0,"141,77,47,54",
1678,2,0,"124,46,38,42;138,77,49,57",
1679,2,0,"120,47,39,43;133,77,49,59",
1680,2,0,"117,48,38,43;128,78,51,60",
1681,3,0,"347,83,50,56;113,49,38,43;121,79,52,61",
1682,3,0,"349,83,52,58;109,49,39,43;115,79,53,64",
1683,3,0,"352,84,52,58;105,49,39,44;108,79,55,65",
1684,3,0,"355,85,52,59;100,49,41,45;102,81,57,68",
1685,3,0,"357,86,54,61;95,48,41,46;95,84,58,69",
1686,3,0,"359,86,55,61;88,47,43,46;87,85,59,70",
1687,3,0,"360,86,56,62;81,44,42,47;77,85,61,72",
1688,3,0,"362,85,56,63;74,42,42,47;67,86,62,73",
1689,2,0,"364,85,55,63;56,87,65,75",
1690,2,0,"365,85,55,66;45,87,69,81",
1691,2,0,"368,86,52,66;30,86,72,84",
1692,2,0,"371,85,49,67;16,82,75,89",
1693,2,0,"374,84,47,67;3,80,76,92",
1694,0,0,,
1695,0,0,,
1696,0,0,,
1697,0,0,,
1698,0,0,,
1699,0,0,,
1700,0,0,,
1701,1,0,"97,58,36,42",
1702,1,0,"95,58,38,42",
1703,1,0,"95,58,37,41",
1704,1,0,"96,58,36,41",
1705,0,0,,
1706,0,0,,
1707,0,0,,
1708,0,0,,
1709,0,0,,
1710,0,0,,
1711,0,0,,
1712,0,1,,"88,55,39,43"
1713,0,1,,"86,55,40,45"
1714,0,1,,"84,57,40,45"
1715,0,1,,"83,57,41,46"
1716,0,1,,"82,58,41,46"
1717,0,1,,"80,58,42,47"
1718,0,1,,"79,59,41,47"
1719,0,1,,"76,59,43,49"
1720,0,1,,"75,59,43,50"
1721,0,1,,"75,59,43,50"
1722,0,1,,"75,59,44,51"
1723,0,1,,"72,58,45,52"
1724,0,1,,"68,57,46,53"
1725,0,1,,"65,56,46,54"
1726,0,1,,"63,56,47,54"
1727,0,1,,"62,57,46,54"
1728,0,1,,"60,57,47,56"
1729,0,1,,"58,57,47,57"
1730,0,1,,"55,59,49,57"
1731,0,1,,"53,60,51,58"
1732,0,1,,"51,62,52,59"
1733,0,1,,"48,64,52,60"
1734,0,1,,"46,66,52,62"
1735,0,1,,"41,69,54,63"
1736,0,1,,"38,69,55,65"
1737,0,1,,"33,69,55,65"
1738,0,1,,"28,69,56,66"
1739,0,1,,"22,68,57,68"
1740,0,1,,"16,66,58,70"
1741,0,1,,"9,66,59,72"
1742,1,1,"71,39,37,41","2,64,60,73"
1743,1,1,"69,38,39,44","-1,62,58,75"
1744,1,1,"67,37,39,44","-3,59,55,77"
1745,2,0,"145,25,45,50;65,35,39,44",
1746,2,0,"146,24,44,49;62,33,39,44",
1747,2,0,"145,22,45,50;60,32,39,44",
1748,2,0,"145,21,45,50;57,31,40,44",
1749,2,0,"144,18,45,50;55,30,38,42",
1750,2,0,"143,16,45,50;51,29,39,44",
1751,2,0,"141,12,46,51;47,28,40,44",
1752,1,0,"138,9,47,51",
1753,1,0,"136,5,47,52",
1754,1,0,"133,1,48,52",
1755,1,0,"130,0,48,51",
1756,1,0,"126,-1,49,51",
1757,0,0,,
1758,0,0,,
1759,0,0,,
1760,0,0,,
1761,0,0,,
1762,1,0,"94,0,58,55",
1763,1,0,"86,0,62,60",
1764,1,0,"79,0,65,63",
1765,1,0,"71,0,64,62",
1766,1,0,"62,0,66,65",
1767,1,0,"53,0,68,65",
1768,1,0,"46,0,69,66",
1769,0,0,,
1770,0,0,,
1771,0,0,,
1772,0,0,,
1773,0,0,,
1774,0,0,,
1775,0,0,,
1776,0,0,,
1777,0,0,,
1778,0,0,,
1779,0,0,,
1780,0,0,,
1781,0,0,,
1782,0,0,,
1783,0,0,,
1784,0,0,,
1785,0,0,,
1786,0,0,,
1787,0,0,,
1788,0,0,,
1789,0,0,,
1790,0,0,,
1791,0,0,,
1792,0,0,,
1793,0,0,,
1794,0,0,,
1795,0,0,,
1796,0,0,,
1797,0,0,,
1798,0,0,,
1799,0,0,,
1800,0,0,,
1801,0,0,,
1802,0,0,,
1803,0,0,,
1804,1,0,"155,87,32,35",
1805,0,0,,
1806,0,0,,
1807,0,0,,
1808,0,0,,
1809,0,0,,
1810,0,0,,
1811,1,0,"162,83,33,36",
1812,1,0,"164,83,33,37",
1813,1,0,"165,82,33,37",
1814,1,0,"165,81,33,37",
1815,1,0,"165,81,33,38",
1816,1,0,"166,80,33,38",
1817,1,0,"165,79,34,38",
1818,1,0,"165,78,34,38",
1819,1,0,"164,77,35,39",
1820,1,0,"163,76,35,39",
1821,1,0,"163,76,35,39",
1822,1,0,"162,76,36,40",
1823,1,0,"161,77,35,39",
1824,1,0,"159,77,36,41",
1825,1,0,"158,78,35,40",
1826,1,0,"156,79,36,40",
1827,1,0,"154,80,36,41",
1828,1,0,"150,80,36,42",
1829,0,0,,
1830,1,0,"17,82,35,39",
1831,1,0,"16,83,36,41",
1832,1,0,"14,83,37,41",
1833,1,1,"12,82,38,41","135,80,38,43"
1834,1,1,"9,82,37,41","132,79,39,44"
1835,1,1,"7,81,37,41","129,79,39,44"
1836,1,0,"6,81,37,41",
1837,1,0,"3,81,36,40",
1838,1,0,"1,80,37,41",
1839,1,0,"0,80,36,42",
1840,1,0,"-1,80,36,41",
1841,1,0,"-2,79,33,41",
1842,1,0,"-2,80,32,42",
1843,1,0,"-3,80,29,40",
1844,0,0,,
1845,0,0,,
1846,0,1,,"111,82,46,51"
1847,0,1,,"109,82,44,50"
1848,0,1,,"107,82,44,50"
1849,0,0,,
1850,0,0,,
1851,0,0,,
1852,0,0,,
1853,0,0,,
1854,0,0,,
1855,0,0,,
1856,0,0,,
1857,0,0,,
1858,0,0,,
1859,0,0,,
1860,0,0,,
1861,0,0,,
1862,0,0,,
1863,0,0,,
1864,0,0,,
1865,0,0,,
1866,0,0,,
1867,0,0,,
1868,0,0,,
1869,0,0,,
1870,0,0,,
1871,0,1,,"67,57,40,46"
1872,0,1,,"66,58,37,42"
1873,1,1,"133,61,38,44","63,57,37,42"
1874,1,1,"130,61,38,44","60,57,37,42"
1875,1,1,"125,60,41,48","59,57,36,41"
1876,1,1,"122,59,42,49","55,56,38,43"
1877,1,1,"119,58,43,49","54,55,38,42"
1878,1,1,"117,58,43,50","51,53,39,44"
1879,1,1,"114,58,42,49","49,53,40,44"
1880,1,1,"110,59,42,48","46,52,41,46"
1881,1,1,"107,59,42,48","43,51,42,47"
1882,1,1,"102,58,45,52","40,50,42,47"
1883,1,1,"98,59,45,51","36,49,42,47"
1884,1,1,"95,59,44,51","32,48,42,48"
1885,1,1,"91,58,46,52","27,47,44,48"
1886,1,1,"88,56,45,52","24,45,45,49"
1887,1,1,"83,54,46,53","21,42,45,50"
1888,1,1,"79,53,46,53","18,40,44,50"
1889,1,1,"75,52,47,54","14,39,44,50"
1890,1,1,"69,51,48,55","10,38,44,51"
1891,1,1,"64,49,49,56","6,37,44,51"
1892,1,1,"58,48,50,58","1,36,46,53"
1893,1,1,"52,47,51,59","0,36,44,54"
1894,1,1,"46,48,51,60","-2,35,43,56"
1895,1,1,"39,49,53,62","-2,34,43,58"
1896,1,0,"31,51,54,64",
1897,1,0,"23,53,55,66",
1898,1,0,"14,55,57,67",
1899,1,0,"5,56,57,68",
1900,1,0,"-1,58,55,70",
1901,0,0,,
1902,0,0,,
1903,0,0,,
1904,0,0,,
1905,1,0,"128,76,33,36",
1906,1,0,"127,76,32,36",
1907,1,0,"126,75,35,39",
1908,2,0,"45,66,31,36;124,75,35,39",
1909,2,0,"42,66,32,36;124,74,34,39",
1910,3,0,"295,54,30,32;40,65,32,36;123,74,35,39",
1911,3,0,"295,53,30,32;38,65,31,36;121,73,36,39",
1912,3,0,"295,52,31,33;35,65,33,36;119,72,36,40",
1913,3,0,"296,52,31,33;32,64,33,37;119,72,34,39",
1914,3,0,"297,51,31,33;30,64,33,37;117,72,35,38",
1915,3,0,"298,51,31,33;27,64,33,37;116,72,35,39",
1916,3,0,"299,50,31,34;25,64,33,37;114,72,36,40",
1917,3,0,"301,50,31,34;23,64,34,38;112,72,36,40",
1918,3,0,"302,49,32,34;20,64,33,38;110,72,35,40",
1919,3,0,"304,49,31,35;17,64,34,38;108,73,35,41",
1920,2,0,"14,64,35,39;105,74,37,40",
1921,1,0,"12,64,34,38",
1922,1,0,"10,63,35,39",
1923,1,0,"7,62,36,40",
1924,1,0,"5,61,36,39",
1925,1,0,"1,60,37,41",
1926,1,0,"0,59,37,40",
1927,1,0,"-1,59,36,40",
1928,2,0,"86,69,39,45;-1,58,35,40",
1929,1,0,"-2,57,34,40",
1930,1,0,"-2,56,33,42",
1931,1,0,"-2,57,32,42",
1932,1,0,"-1,59,31,43",
1933,0,0,,
1934,1,0,"82,74,40,46",
1935,1,0,"81,74,43,50",
1936,1,0,"80,75,43,50",
1937,1,0,"80,76,43,51",
1938,1,0,"79,78,42,50",
1939,1,0,"78,79,43,50",
1940,1,0,"77,79,43,51",
1941,1,0,"77,80,42,50",
1942,1,0,"76,80,42,50",
1943,1,0,"74,80,42,49",
1944,1,0,"73,79,42,50",
1945,1,0,"70,78,44,50",
1946,1,0,"69,77,44,51",
1947,1,0,"67,74,46,55",
1948,0,0,,
1949,1,0,"362,75,34,37",
1950,1,0,"365,74,34,38",
1951,1,0,"369,73,34,39",
1952,1,0,"372,73,34,38",
1953,1,0,"375,72,34,39",
1954,2,0,"47,74,48,57;377,71,35,40",
1955,2,0,"43,74,49,59;380,69,35,40",
1956,2,0,"39,76,49,58;382,68,35,40",
1957,2,0,"35,75,49,60;385,68,34,40",
1958,2,0,"30,74,50,62;388,67,31,40",
1959,1,0,"24,72,50,63",
1960,1,0,"17,70,52,65",
1961,1,0,"10,69,53,67",
1962,1,0,"2,68,55,68",
1963,1,0,"-1,68,53,69",
1964,1,0,"-4,68,51,70",
1965,1,0,"-9,68,51,70",
1966,0,0,,
1967,0,0,,
1968,0,0,,
1969,0,0,,
1970,0,0,,
1971,0,0,,
1972,0,0,,
1973,0,0,,
1974,0,0,,
1975,1,0,"107,64,33,36",
1976,1,0,"105,64,33,36",
1977,1,0,"104,64,33,36",
1978,1,0,"103,64,33,36",
1979,1,0,"100,64,33,36",
1980,1,0,"98,65,33,36",
1981,1,0,"95,64,34,38",
1982,1,0,"92,65,34,37",
1983,1,0,"89,65,34,37",
1984,1,0,"87,65,35,38",
1985,1,0,"86,66,34,38",
1986,1,0,"84,66,34,38",
1987,1,0,"82,66,34,38",
1988,1,0,"80,65,35,38",
1989,1,0,"78,63,35,39",
1990,1,0,"76,62,35,39",
1991,1,0,"73,61,36,39",
1992,1,0,"71,60,36,40",
1993,1,0,"69,59,37,40",
1994,1,0,"66,58,37,40",
1995,1,0,"63,57,37,41",
1996,1,0,"60,58,37,40",
1997,1,0,"57,59,38,42",
1998,1,0,"55,61,38,42",
1999,1,0,"51,64,39,42",
2000,1,0,"49,67,39,44",
2001,1,0,"44,70,39,43",
2002,1,0,"39,72,41,43",
2003,1,0,"35,72,40,45",
2004,1,0,"29,72,41,46",
2005,1,1,"23,71,41,46","163,67,36,41"
2006,1,1,"16,70,43,47","160,66,36,40"
2007,1,1,"10,69,43,48","157,64,37,42"
2008,1,1,"4,68,44,48","155,64,37,42"
2009,1,0,"0,66,42,50",
2010,1,0,"-3,67,41,49",
2011,1,0,"-4,65,38,51",
2012,1,0,"-8,65,38,51",
2013,0,0,,
2014,0,0,,
2015,0,0,,
2016,0,0,,
2017,0,0,,
2018,0,0,,
2019,0,0,,
2020,0,0,,
2021,0,0,,
2022,0,0,,
2023,0,0,,
2024,0,0,,
2025,0,0,,
2026,0,0,,
2027,0,0,,
2028,0,0,,
2029,0,0,,
2030,0,0,,
2031,0,0,,
2032,0,1,,"55,53,53,60"
2033,0,0,,
2034,0,0,,
2035,0,0,,
2036,0,0,,
2037,0,0,,
2038,0,0,,
2039,1,0,"-1,62,62,72",
2040,1,0,"-3,61,58,73",
2041,1,0,"-10,61,59,73",
2042,0,0,,
2043,0,0,,
2044,0,0,,
2045,0,0,,
2046,0,0,,
2047,0,0,,
2048,0,0,,
2049,0,0,,
2050,0,0,,
2051,0,0,,
2052,0,0,,
2053,0,0,,
2054,0,0,,
2055,0,0,,
2056,0,0,,
2057,0,0,,
2058,0,0,,
2059,0,0,,
2060,0,0,,
2061,0,0,,
2062,0,0,,
2063,0,0,,
2064,0,0,,
2065,0,0,,
2066,0,0,,
2067,0,0,,
2068,0,0,,
2069,0,0,,
2070,1,0,"72,70,31,34",
2071,1,0,"71,69,31,34",
2072,0,0,,
2073,0,0,,
2074,0,0,,
2075,0,0,,
2076,0,0,,
2077,0,0,,
2078,0,0,,
2079,0,1,,"58,68,32,34"
2080,0,1,,"56,68,32,36"
2081,0,1,,"54,69,33,36"
2082,0,1,,"52,69,32,36"
2083,0,1,,"49,70,33,35"
2084,0,1,,"46,69,34,36"
2085,0,1,,"43,69,33,37"
2086,0,1,,"39,69,34,37"
2087,0,1,,"34,69,33,36"
2088,0,1,,"30,69,33,36"
2089,0,1,,"26,69,34,37"
2090,0,1,,"23,69,34,36"
2091,0,1,,"20,68,34,36"
2092,0,1,,"15,66,35,38"
2093,0,1,,"12,66,35,38"
2094,0,1,,"8,66,36,38"
2095,0,1,,"5,66,36,39"
2096,0,1,,"1,67,37,40"
2097,0,1,,"0,69,35,39"
2098,0,1,,"-2,69,35,40"
2099,0,1,,"-2,70,33,41"
2100,0,1,,"-3,71,31,41"
2101,0,1,,"-6,71,32,41"
2102,0,0,,
2103,0,0,,
2104,0,0,,
2105,0,0,,
2106,0,0,,
2107,0,0,,
2108,0,0,,
2109,0,0,,
2110,0,0,,
2111,0,0,,
2112,0,0,,
2113,0,0,,
2114,0,0,,
2115,0,0,,
2116,0,0,,
2117,0,0,,
2118,0,0,,
2119,0,0,,
2120,0,0,,
2121,0,0,,
2122,0,0,,
2123,0,0,,
2124,0,0,,
2125,0,0,,
2126,0,0,,
2127,0,0,,
2128,0,0,,
2129,0,0,,
2130,0,0,,
2131,0,0,,
2132,0,0,,
2133,0,0,,
2134,0,0,,
2135,0,0,,
2136,0,0,,
2137,0,0,,
2138,0,0,,
2139,0,0,,
2140,0,0,,
2141,0,0,,
2142,0,0,,
2143,0,1,,"346,51,33,37"
2144,0,0,,
2145,0,0,,
2146,0,0,,
2147,0,0,,
2148,0,0,,
2149,0,0,,
2150,0,0,,
2151,0,0,,
2152,0,0,,
2153,0,0,,
2154,0,0,,
2155,0,0,,
2156,0,1,,"358,46,36,42"
2157,0,1,,"359,46,36,42"
2158,0,1,,"360,46,37,42"
2159,0,1,,"361,45,36,42"
2160,0,1,,"361,43,37,43"
2161,0,1,,"363,42,36,42"
2162,0,1,,"365,41,37,42"
2163,0,1,,"366,40,38,42"
2164,0,1,,"368,39,37,42"
2165,0,1,,"370,39,37,42"
2166,0,1,,"373,40,37,42"
2167,0,1,,"376,40,38,42"
2168,0,1,,"380,41,36,42"
2169,0,0,,
2170,0,0,,
2171,0,0,,
2172,0,0,,
2173,0,1,,"184,40,35,42"
2174,0,1,,"185,40,35,42"
2175,0,1,,"187,42,34,39"
2176,0,1,,"187,42,35,40"
2177,0,1,,"188,41,36,41"
2178,0,1,,"189,41,37,41"
2179,0,1,,"192,42,36,41"
2180,0,1,,"194,43,37,42"
2181,0,1,,"195,45,38,42"
2182,0,1,,"198,45,38,43"
2183,0,1,,"199,46,38,43"
2184,0,0,,
2185,0,0,,
2186,0,0,,
2187,0,0,,
2188,0,0,,
2189,0,0,,
2190,0,0,,
2191,0,1,,"173,51,31,32"
2192,0,1,,"175,51,30,32"
2193,0,1,,"177,50,30,33"
2194,0,1,,"179,51,31,32"
2195,0,1,,"180,50,32,35"
2196,0,2,,"228,31,44,49;181,49,32,35"
2197,0,2,,"228,31,43,48;183,48,32,34"
2198,0,2,,"230,30,42,48;185,46,32,35"
2199,0,2,,"231,29,43,49;186,47,33,34"
2200,0,2,,"233,31,43,49;188,47,33,35"
2201,0,1,,"190,46,33,35"
2202,0,1,,"193,45,32,35"
2203,0,1,,"194,44,33,35"
2204,0,1,,"197,42,33,36"
2205,0,2,,"243,28,44,52;199,41,33,37"
2206,0,2,,"246,27,44,53;201,42,33,36"
2207,0,1,,"203,41,34,36"
2208,0,1,,"204,40,34,37"
2209,0,1,,"207,41,33,36"
2210,0,1,,"208,41,33,36"
2211,0,1,,"210,42,33,36"
2212,0,1,,"212,43,33,36"
2213,0,1,,"213,44,33,36"
2214,0,1,,"213,44,34,37"
2215,0,1,,"214,44,34,37"
2216,0,1,,"215,44,34,37"
2217,0,1,,"214,43,34,37"
2218,0,1,,"213,43,34,37"
2219,0,1,,"213,42,33,37"
2220,1,1,"102,52,28,30","213,40,34,37"
2221,0,1,,"214,37,34,37"
2222,0,1,,"214,35,35,38"
2223,0,1,,"216,33,34,38"
2224,0,1,,"218,31,33,38"
2225,1,1,"105,44,28,30","219,30,35,38"
2226,1,1,"105,43,27,29","220,29,35,38"
2227,1,1,"106,41,28,30","222,26,35,39"
2228,1,1,"109,40,28,30","226,26,36,39"
2229,1,1,"110,39,28,31","228,24,36,40"
2230,1,1,"111,39,29,30","231,23,36,39"
2231,1,1,"114,39,28,30","235,23,35,39"
2232,1,1,"119,38,29,31","241,22,36,39"
2233,1,1,"123,37,29,30","247,21,35,39"
2234,1,1,"128,37,28,30","254,21,36,41"
2235,1,1,"133,38,28,30","261,21,37,41"
2236,1,1,"138,38,28,30","269,22,37,41"
2237,1,1,"142,40,28,30","276,24,37,42"
2238,1,1,"146,41,28,31","281,25,38,42"
2239,1,1,"150,40,28,31","288,26,38,42"
2240,1,1,"153,40,28,31","294,26,39,43"
2241,1,1,"155,40,28,31","300,26,39,44"
2242,1,1,"156,40,28,32","305,26,39,45"
2243,0,1,,"309,26,40,45"
2244,0,1,,"313,27,40,44"
2245,0,1,,"317,27,40,44"
2246,0,1,,"320,28,40,45"
2247,0,1,,"323,29,40,44"
2248,0,1,,"325,29,40,44"
2249,0,1,,"327,28,40,45"
2250,0,1,,"332,28,40,45"
2251,0,1,,"335,27,40,45"
2252,0,1,,"337,27,40,45"
2253,0,1,,"340,28,40,46"
2254,0,1,,"341,28,42,47"
2255,0,1,,"345,29,41,46"
2256,0,1,,"349,29,41,46"
2257,1,1,"170,54,29,33","352,29,41,46"
2258,1,1,"172,53,30,33","357,28,41,46"
2259,1,1,"175,52,29,33","362,28,40,45"
2260,1,0,"177,50,29,33",
2261,1,0,"178,49,30,33",
2262,1,0,"180,47,29,33",
2263,1,0,"180,46,30,33",
2264,1,0,"181,45,30,33",
2265,1,0,"182,44,30,33",
2266,1,0,"183,43,30,33",
2267,1,0,"184,42,30,34",
2268,1,0,"184,42,31,34",
2269,1,0,"185,42,31,34",
2270,1,0,"186,42,31,34",
2271,1,0,"187,42,30,35",
2272,1,0,"187,42,31,35",
2273,1,0,"187,42,31,35",
2274,1,0,"186,42,30,35",
2275,1,0,"185,42,30,35",
2276,1,0,"184,41,31,36",
2277,0,0,,
2278,0,0,,
2279,0,0,,
2280,0,0,,
2281,0,0,,
2282,0,0,,
2283,0,0,,
2284,0,0,,
2285,0,0,,
2286,0,0,,
2287,0,0,,
2288,0,0,,
2289,0,0,,
2290,0,0,,
2291,0,0,,
2292,0,0,,
2293,0,0,,
2294,0,0,,
2295,0,0,,
2296,1,0,"204,51,32,35",
2297,1,0,"246,54,30,32",
2298,1,0,"246,54,30,33",
2299,0,0,,
2300,0,0,,
2301,1,0,"203,48,31,36",
2302,1,0,"200,49,31,35",
2303,1,0,"198,48,32,36",
2304,1,0,"199,46,32,37",
2305,2,0,"241,49,30,33;198,45,32,37",
2306,2,0,"241,48,30,32;196,45,33,38",
2307,2,0,"241,46,31,33;196,44,33,38",
2308,2,0,"243,45,31,33;196,43,34,38",
2309,2,0,"245,44,31,34;197,43,34,39",
2310,1,0,"197,44,34,39",
2311,1,0,"197,43,34,40",
2312,1,0,"197,44,34,40",
2313,1,0,"196,44,35,40",
2314,1,0,"195,45,35,40",
2315,2,0,"86,73,46,47;194,45,36,40",
2316,2,0,"83,73,46,48;194,46,35,40",
2317,2,1,"79,72,47,49;193,46,36,40","254,51,34,38"
2318,2,1,"76,73,48,49;192,46,37,41","257,52,33,38"
2319,2,1,"74,73,48,50;192,46,37,41","259,53,34,38"
2320,2,1,"71,74,48,51;193,47,36,40","261,53,34,38"
2321,2,1,"69,76,49,51;193,47,37,41","264,55,33,37"
2322,2,1,"67,78,49,52;194,48,37,41","267,55,33,37"
2323,2,1,"64,80,50,52;194,48,37,42","269,55,33,37"
2324,2,1,"62,82,50,53;194,49,38,42","271,55,34,38"
2325,2,1,"60,85,51,53;195,49,38,43","273,56,34,38"
2326,2,1,"57,87,52,53;195,49,39,43","275,56,34,39"
2327,2,1,"55,91,52,54;196,50,39,43","277,57,34,38"
2328,2,1,"52,93,53,55;197,51,38,44","279,58,35,39"
2329,2,1,"48,94,54,56;197,52,39,44","281,59,35,39"
2330,2,1,"45,95,55,56;198,53,39,44","283,60,36,40"
2331,2,1,"41,95,56,57;198,53,40,46","285,62,35,40"
2332,2,1,"35,96,57,59;199,54,41,46","286,63,36,41"
2333,2,1,"32,97,58,59;201,54,41,46","287,64,37,43"
2334,2,1,"26,98,60,61;202,53,41,48","288,64,37,42"
2335,2,1,"20,98,61,63;202,52,42,48","290,64,36,42"
2336,2,1,"15,99,61,63;204,52,42,48","290,64,37,43"
2337,2,1,"9,98,64,65;205,52,43,49","292,64,38,43"
2338,2,1,"3,98,65,68;205,51,44,50","294,63,38,43"
2339,2,1,"0,101,65,68;206,50,44,49","296,61,38,44"
2340,2,1,"-3,104,64,69;209,49,44,50","299,60,38,44"
2341,1,1,"211,49,44,50","301,59,40,47"
2342,1,1,"214,49,45,51","306,59,39,46"
2343,1,1,"216,49,45,52","309,59,41,47"
2344,1,1,"219,50,47,53","313,58,42,48"
2345,1,1,"223,51,47,53","317,58,42,48"
2346,1,1,"227,52,49,55","323,59,41,49"
2347,1,1,"232,53,49,55","329,59,42,49"
2348,1,1,"236,54,50,57","335,60,43,50"
2349,1,1,"240,54,52,58","342,60,44,52"
2350,1,1,"245,54,53,60","350,61,44,51"
2351,1,1,"251,54,53,61","357,61,45,52"
2352,1,1,"256,52,54,63","364,59,47,55"
2353,1,1,"262,50,57,65","372,59,45,55"
2354,1,0,"266,47,59,68",
2355,1,0,"272,44,61,71",
2356,1,0,"278,43,63,73",
2357,1,0,"285,42,65,76",
2358,1,0,"293,39,67,78",
2359,1,0,"303,41,69,81",
2360,1,0,"313,40,72,85",
2361,1,0,"323,42,76,89",
2362,1,0,"333,43,79,94",
2363,0,0,,
2364,0,0,,
2365,0,0,,
2366,0,0,,
2367,0,0,,
2368,0,0,,
2369,0,1,,"206,67,37,40"
2370,0,1,,"209,67,37,40"
2371,0,0,,
2372,0,0,,
2373,0,0,,
2374,0,0,,
2375,0,0,,
2376,0,0,,
2377,0,0,,
2378,0,0,,
2379,0,0,,
2380,0,0,,
2381,1,0,"136,73,30,33",
2382,1,0,"138,71,30,34",
2383,1,0,"140,71,31,35",
2384,2,0,"251,59,39,43;142,70,32,35",
2385,3,0,"187,50,33,37;253,57,40,45;143,68,32,35",
2386,3,0,"189,48,33,38;256,57,40,45;144,68,32,35",
2387,3,0,"191,47,34,38;259,56,41,46;145,67,32,36",
2388,3,0,"193,47,34,39;263,54,41,47;146,67,32,36",
2389,2,0,"194,46,35,38;146,67,32,35",
2390,2,0,"194,45,35,39;145,66,32,35",
2391,2,0,"195,44,35,39;145,66,32,35",
2392,2,0,"196,44,34,38;145,67,31,35",
2393,2,0,"194,43,35,39;143,67,32,35",
2394,2,0,"194,43,35,38;142,67,32,35",
2395,2,0,"195,42,35,40;141,68,32,36",
2396,2,0,"194,42,36,40;140,68,33,37",
2397,2,0,"194,42,36,40;138,69,34,37",
2398,2,0,"194,42,35,40;137,70,33,38",
2399,2,0,"194,42,35,40;135,70,34,38",
2400,2,0,"193,43,36,40;134,71,34,38",
2401,2,0,"194,44,35,40;133,71,34,38",
2402,2,0,"194,44,36,41;133,71,35,39",
2403,2,0,"195,45,36,41;132,70,35,39",
2404,2,0,"195,44,36,43;133,71,35,39",
2405,2,0,"195,44,37,42;133,71,36,40",
2406,2,0,"195,43,38,43;133,70,36,40",
2407,2,0,"194,43,39,44;134,70,36,40",
2408,2,0,"195,43,38,43;134,70,37,41",
2409,2,0,"195,42,38,43;134,70,37,41",
2410,2,0,"195,40,39,44;134,69,37,41",
2411,2,0,"196,37,39,44;135,68,37,41",
2412,2,0,"197,36,38,44;135,68,37,42",
2413,3,0,"35,42,54,62;197,36,38,44;135,69,38,42",
2414,3,0,"31,42,55,64;197,36,39,44;134,69,38,43",
2415,2,1,"197,35,39,44;134,70,38,43","357,30,60,73"
2416,2,1,"198,34,39,45;133,70,39,44","361,29,57,72"
2417,2,1,"198,33,40,45;133,69,39,45","365,30,54,71"
2418,2,0,"198,32,40,46;132,69,40,46",
2419,2,0,"199,32,40,46;132,68,40,47",
2420,2,0,"198,31,41,47;131,67,40,47",
2421,2,0,"198,30,41,48;130,66,41,48",
2422,2,0,"198,29,41,48;129,65,41,49",
2423,2,0,"198,29,42,49;127,65,42,50",
2424,2,0,"197,28,43,49;125,65,42,50",
2425,2,0,"197,27,43,49;123,64,43,51",
2426,2,0,"197,26,42,50;120,64,44,51",
2427,2,0,"196,26,43,50;117,64,44,52",
2428,2,0,"194,24,44,52;113,65,45,53",
2429,2,0,"193,24,44,52;109,65,45,54",
2430,3,0,"3,67,44,49;191,23,44,52;104,66,46,54",
2431,3,0,"0,68,44,50;188,22,46,53;99,67,46,55",
2432,3,0,"-1,69,42,50;186,21,45,53;94,67,47,56",
2433,3,0,"-2,71,40,50;182,19,47,55;89,69,47,56",
2434,3,0,"-2,72,38,50;179,19,48,56;82,70,48,57",
2435,3,0,"-3,72,35,50;176,18,48,56;75,71,49,57",
2436,2,0,"171,18,49,57;68,72,48,58",
2437,2,0,"167,18,49,57;60,74,50,58",
2438,2,0,"163,18,50,58;51,72,50,59",
2439,2,0,"158,18,50,59;41,71,52,60",
2440,2,0,"152,16,51,60;32,70,53,62",
2441,2,0,"146,15,52,61;22,69,54,63",
2442,2,0,"140,15,52,62;13,68,56,65",
2443,2,0,"134,14,52,62;3,66,56,67",
2444,3,0,"355,57,34,38;124,11,54,64;-2,65,53,68",
2445,2,0,"116,9,55,65;-6,64,49,69",
2446,1,0,"107,8,56,66",
2447,1,0,"98,6,56,68",
2448,1,0,"88,5,58,70",
2449,2,0,"348,62,35,40;77,4,59,70",
2450,2,0,"348,63,35,40;67,1,60,70",
2451,2,0,"347,63,35,40;59,0,62,72",
2452,2,0,"347,62,35,41;48,0,63,74",
2453,2,0,"345,60,36,41;34,0,66,72",
2454,2,0,"343,59,36,40;20,0,67,71",
2455,2,0,"342,59,35,40;5,0,69,71",
2456,2,0,"340,57,35,40;-1,0,67,73",
2457,1,0,"338,58,36,40",
2458,1,0,"336,57,36,41",
2459,1,0,"334,57,36,41",
2460,1,0,"332,57,36,41",
2461,1,0,"330,56,36,42",
2462,1,0,"328,55,36,42",
2463,1,0,"327,54,36,42",
2464,1,0,"325,55,37,42",
2465,1,0,"324,55,37,43",
2466,1,0,"324,55,37,43",
2467,1,1,"324,56,37,43","255,78,35,39"
2468,1,1,"325,57,38,44","257,79,34,38"
2469,1,1,"327,58,39,44","258,81,34,38"
2470,1,1,"328,57,40,45","259,81,35,39"
2471,1,1,"330,56,41,46","261,82,36,41"
2472,1,1,"333,55,41,47","263,82,37,42"
2473,1,1,"335,54,41,47","266,82,36,40"
2474,1,1,"338,54,42,48","269,82,36,41"
2475,1,1,"340,54,43,48","271,82,38,43"
2476,1,1,"343,54,43,49","274,82,38,43"
2477,1,1,"346,53,43,49","276,82,39,44"
2478,1,1,"350,53,44,49","279,79,40,45"
2479,2,1,"180,61,46,50;354,52,45,51","283,80,38,44"
2480,3,1,"66,80,40,43;183,63,44,49;358,51,46,53","286,80,39,44"
2481,3,1,"63,80,41,44;184,65,46,50;362,51,46,54","289,80,39,44"
2482,4,1,"263,41,34,39;61,80,42,44;188,67,46,51;368,51,46,53","293,81,40,45"
2483,4,1,"265,40,35,39;60,80,42,44;183,55,60,68;372,51,45,54","297,82,40,46"
2484,3,1,"267,39,34,38;183,49,65,75;375,51,44,56","301,83,41,47"
2485,1,1,"268,39,35,38","305,85,42,48"
2486,1,1,"270,38,34,39","309,86,42,49"
2487,1,1,"271,38,35,40","313,88,42,49"
2488,1,1,"273,38,35,40","318,90,44,50"
2489,1,1,"44,84,45,48","323,91,44,50"
2490,1,1,"41,86,45,48","329,91,45,52"
2491,1,1,"11,59,39,43","334,92,46,52"
2492,1,1,"5,59,39,42","340,92,46,53"
2493,0,1,,"346,92,47,54"
2494,0,1,,"353,93,47,54"
2495,0,1,,"359,94,49,56"
2496,0,1,,"367,94,48,57"
2497,1,1,"11,91,47,52","372,95,47,57"
2498,1,0,"8,92,48,53",
2499,0,0,,
2500,0,0,,
2501,0,0,,
2502,1,0,"295,37,41,46",
2503,1,0,"296,35,42,46",
2504,1,0,"298,34,42,47",
2505,0,0,,
2506,0,0,,
2507,1,0,"104,47,37,40",
2508,1,0,"103,46,37,39",
2509,2,0,"309,29,43,48;102,45,38,40",
2510,2,0,"311,29,44,49;101,45,39,41",
2511,2,0,"314,29,46,52;101,45,39,43",
2512,2,0,"318,28,46,52;100,46,40,43",
2513,2,0,"320,28,47,53;100,47,40,45",
2514,2,0,"323,28,48,54;100,49,41,46",
2515,2,0,"328,27,48,55;100,48,41,47",
2516,2,0,"334,25,48,55;100,49,42,48",
2517,2,0,"339,23,49,56;100,47,43,49",
2518,2,0,"345,20,49,56;100,45,43,50",
2519,2,0,"349,17,50,56;100,44,43,48",
2520,2,0,"353,14,52,59;100,42,43,48",
2521,2,0,"357,13,53,59;99,41,43,48",
2522,2,0,"362,10,54,61;98,39,43,49",
2523,2,0,"365,9,54,63;96,37,45,50",
2524,2,0,"370,8,51,63;95,37,45,49",
2525,1,0,"94,37,45,50",
2526,1,0,"90,37,46,50",
2527,1,0,"86,37,47,52",
2528,1,0,"81,37,48,54",
2529,1,0,"74,38,49,55",
2530,1,0,"68,40,51,57",
2531,1,0,"62,41,52,59",
2532,1,0,"58,43,53,61",
2533,1,0,"52,44,55,63",
2534,1,0,"45,44,56,64",
2535,1,0,"38,46,57,65",
2536,1,0,"30,47,61,70",
2537,1,0,"21,48,61,70",
2538,1,0,"8,48,65,74",
2539,1,0,"0,46,62,74",
2540,1,0,"-4,42,58,76",
2541,1,0,"-10,43,59,76",
2542,0,0,,
2543,0,0,,
2544,0,0,,
2545,0,0,,
2546,0,0,,
2547,0,0,,
2548,0,0,,
2549,0,0,,
2550,0,0,,
2551,0,0,,
2552,0,0,,
2553,0,0,,
2554,1,0,"133,37,43,48",
2555,1,0,"132,37,44,49",
2556,1,0,"131,37,45,50",
2557,1,0,"131,37,46,51",
2558,1,0,"131,37,48,53",
2559,1,0,"131,36,48,54",
2560,1,1,"132,34,50,55","272,56,38,41"
2561,1,1,"134,33,50,55","272,56,38,42"
2562,1,1,"136,31,51,56","271,57,38,42"
2563,1,0,"138,29,51,58",
2564,1,0,"139,27,52,58",
2565,1,0,"142,25,53,59",
2566,1,0,"145,23,53,60",
2567,1,0,"147,20,55,61",
2568,2,0,"269,66,39,42;151,19,56,62",
2569,2,0,"268,66,41,43;154,18,57,64",
2570,2,0,"269,66,41,42;159,19,57,64",
2571,1,0,"165,20,57,65",
2572,1,0,"172,23,58,66",
2573,1,0,"178,26,60,67",
2574,1,0,"184,27,62,70",
2575,1,0,"192,29,64,74",
2576,1,1,"201,32,65,75","288,68,44,47"
2577,0,1,,"294,68,42,46"
2578,0,1,,"298,69,43,46"
2579,0,1,,"303,69,43,46"
2580,0,1,,"309,69,43,46"
2581,0,2,,"239,11,86,100;316,70,45,48"
2582,0,2,,"254,8,87,103;323,70,46,49"
2583,0,2,,"263,1,96,113;330,71,45,50"
2584,0,2,,"274,-2,100,114;337,71,47,52"
2585,0,1,,"290,-4,104,115"
2586,0,0,,
2587,0,0,,
2588,1,0,"61,76,34,37",
2589,1,0,"63,76,33,37",
2590,1,0,"65,75,34,38",
2591,1,0,"68,76,33,36",
2592,0,0,,
2593,0,0,,
2594,0,0,,
2595,0,0,,
2596,1,0,"135,65,37,41",
2597,1,0,"136,64,37,41",
2598,1,0,"137,64,37,42",
2599,1,0,"138,63,38,41",
2600,1,0,"138,62,38,42",
2601,1,0,"138,62,38,43",
2602,1,0,"136,61,40,44",
2603,1,0,"134,61,40,44",
2604,2,0,"54,33,57,65;132,61,40,44",
2605,2,0,"43,32,59,68;130,61,40,45",
2606,2,0,"31,31,61,71;128,62,39,45",
2607,2,0,"21,30,62,72;126,63,40,46",
2608,2,0,"11,28,63,74;124,63,40,46",
2609,1,0,"121,63,41,46",
2610,1,0,"120,64,41,46",
2611,1,0,"117,63,42,47",
2612,1,0,"114,64,42,47",
2613,1,0,"111,65,42,47",
2614,1,0,"109,66,42,49",
2615,1,0,"106,67,43,49",
2616,1,0,"103,68,44,49",
2617,1,0,"100,70,45,50",
2618,1,0,"98,71,45,51",
2619,1,0,"95,72,46,52",
2620,1,0,"92,73,46,52",
2621,1,0,"89,74,48,54",
2622,2,0,"-1,91,36,46;86,76,48,54",
2623,2,0,"161,72,35,39;82,77,49,54",
2624,2,0,"160,72,33,37;78,79,49,55",
2625,2,0,"158,72,33,37;73,81,50,56",
2626,2,0,"155,71,35,38;69,81,51,58",
2627,1,0,"65,81,53,60",
2628,1,0,"60,80,53,61",
2629,1,0,"56,80,54,62",
2630,1,0,"51,78,55,63",
2631,1,0,"47,77,56,65",
2632,1,0,"42,75,57,66",
2633,1,0,"36,74,59,68",
2634,1,0,"31,73,61,69",
2635,2,0,"341,87,35,39;26,71,61,70",
2636,2,1,"344,86,36,42;19,70,64,73","141,69,36,42"
2637,2,1,"347,87,36,41;12,70,66,76","139,68,36,43"
2638,1,1,"3,69,68,80","136,67,38,44"
2639,1,1,"0,69,67,83","135,66,38,43"
2640,1,1,"-3,68,65,85","133,63,38,44"
2641,1,1,"-4,68,64,86","130,61,39,44"
2642,1,1,"-5,68,61,87","127,58,40,46"
2643,0,0,,
2644,0,0,,
2645,0,1,,"224,59,34,38"
2646,0,0,,
2647,0,0,,
2648,0,0,,
2649,0,0,,
2650,0,0,,
2651,0,1,,"228,59,37,40"
2652,0,0,,
2653,0,0,,
2654,0,0,,
2655,0,0,,
2656,0,0,,
2657,0,0,,
2658,0,0,,
2659,1,1,"11,76,39,47","227,76,35,38"
2660,1,1,"9,77,39,46","227,77,35,39"
2661,0,1,,"226,77,37,41"
2662,0,1,,"226,77,37,41"
2663,0,2,,"10,67,61,68;227,77,39,42"
2664,0,2,,"0,68,62,70;229,76,39,43"
2665,0,1,,"231,76,38,42"
2666,0,1,,"232,75,38,42"
2667,0,1,,"233,74,39,42"
2668,0,1,,"234,74,39,42"
2669,0,1,,"235,73,41,45"
2670,0,1,,"236,72,43,47"
2671,0,1,,"237,72,45,48"
2672,0,1,,"239,71,45,50"
2673,0,1,,"242,71,45,50"
2674,0,1,,"244,70,47,51"
2675,0,1,,"248,72,46,50"
2676,0,1,,"253,72,45,50"
2677,0,1,,"258,71,46,50"
2678,0,1,,"263,69,47,51"
2679,0,1,,"267,67,49,53"
2680,1,1,"311,59,32,35","273,64,48,54"
2681,1,1,"312,58,31,33","278,62,48,53"
2682,1,1,"313,56,31,34","281,57,51,56"
2683,0,1,,"284,53,52,57"
2684,0,1,,"288,51,55,61"
2685,0,1,,"292,49,56,62"
2686,0,1,,"296,47,57,65"
2687,0,1,,"302,48,59,66"
2688,0,1,,"305,49,61,69"
2689,0,1,,"311,51,62,70"
2690,0,1,,"316,54,65,74"
2691,0,1,,"323,53,66,75"
2692,0,1,,"332,58,67,77"
2693,0,0,,
2694,0,0,,
2695,0,0,,
2696,0,0,,
2697,0,0,,
2698,0,0,,
2699,0,1,,"233,55,36,41"
2700,0,1,,"232,55,37,43"
2701,0,2,,"325,55,37,41;233,54,38,43"
2702,0,2,,"326,55,38,42;234,54,37,41"
2703,0,2,,"328,54,39,43;235,54,37,41"
2704,0,2,,"329,52,39,44;236,53,37,41"
2705,0,2,,"331,52,39,43;236,52,38,43"
2706,0,2,,"333,50,38,43;237,51,38,43"
2707,0,2,,"334,50,39,43;237,50,38,44"
2708,0,2,,"336,49,39,44;238,48,39,45"
2709,0,2,,"339,49,38,43;239,47,40,44"
2710,0,2,,"342,49,38,42;240,46,39,44"
2711,0,2,,"343,48,39,43;241,46,39,42"
2712,0,2,,"346,49,40,44;242,46,39,43"
2713,0,2,,"347,49,41,45;243,45,40,44"
2714,0,2,,"349,49,40,45;244,45,40,44"
2715,0,2,,"351,49,40,44;245,45,40,45"
2716,0,2,,"352,48,41,46;245,44,41,46"
2717,0,2,,"353,46,42,46;247,43,41,45"
2718,0,2,,"354,44,42,47;248,42,41,46"
2719,0,2,,"355,43,42,46;249,41,41,47"
2720,0,2,,"357,42,43,47;250,41,42,48"
2721,0,2,,"359,40,44,49;251,40,43,49"
2722,0,2,,"362,39,43,49;252,38,44,51"
2723,0,2,,"365,39,45,50;254,37,45,52"
2724,0,2,,"369,39,45,49;258,36,44,51"
2725,0,2,,"372,40,45,52;260,37,45,50"
2726,0,2,,"376,40,43,53;262,37,45,51"
2727,0,2,,"379,42,41,53;264,38,46,52"
2728,0,1,,"268,41,45,51"
2729,0,1,,"270,43,46,52"
2730,0,1,,"274,44,46,52"
2731,0,1,,"277,46,46,52"
2732,0,1,,"280,47,48,53"
2733,0,1,,"285,47,47,52"
2734,0,1,,"289,47,47,52"
2735,0,1,,"293,46,47,51"
2736,0,1,,"297,45,47,52"
2737,0,1,,"300,43,49,56"
2738,0,1,,"303,42,50,56"
2739,0,1,,"306,39,51,59"
2740,0,1,,"310,38,51,60"
2741,0,1,,"315,39,52,59"
2742,0,1,,"319,39,52,59"
2743,0,1,,"322,40,53,60"
2744,0,1,,"325,42,53,60"
2745,0,1,,"330,43,54,61"
2746,0,1,,"339,45,51,57"
2747,0,1,,"343,45,52,57"
2748,0,0,,
2749,0,0,,
2750,0,0,,
2751,0,0,,
2752,0,0,,
2753,0,0,,
2754,0,0,,
2755,0,0,,
2756,0,0,,
2757,0,0,,
2758,0,0,,
2759,0,0,,
2760,0,0,,
2761,0,0,,
2762,0,0,,
2763,0,0,,
2764,0,0,,
2765,0,0,,
2766,0,1,,"331,55,37,42"
2767,0,1,,"334,55,36,41"
2768,0,1,,"336,54,35,41"
2769,0,1,,"337,52,36,42"
2770,0,1,,"338,51,36,42"
2771,1,1,"91,60,31,32","340,50,36,42"
2772,1,1,"90,59,31,33","342,49,36,42"
2773,1,1,"89,59,33,35","343,48,36,42"
2774,1,1,"88,57,35,38","345,48,37,42"
2775,1,1,"85,56,37,38","346,48,38,43"
2776,1,1,"83,55,36,37","348,48,37,43"
2777,1,1,"81,54,35,37","349,48,38,43"
2778,1,1,"79,54,34,36","351,48,38,43"
2779,1,1,"77,54,35,36","353,47,38,44"
2780,1,1,"75,54,36,38","355,47,38,44"
2781,1,1,"72,53,36,39","356,46,39,44"
2782,1,1,"68,54,36,39","357,45,39,44"
2783,1,1,"65,54,37,40","358,44,39,45"
2784,1,1,"61,54,37,39","360,43,39,45"
2785,1,1,"57,54,36,39","361,43,40,45"
2786,1,1,"52,55,38,40","363,41,41,46"
2787,1,1,"48,55,39,42","364,40,41,46"
2788,1,1,"43,56,39,42","366,38,42,47"
2789,1,1,"37,57,42,44","367,36,42,48"
2790,1,1,"30,57,43,46","369,35,42,49"
2791,1,1,"23,57,44,47","371,34,42,49"
2792,1,1,"17,56,45,47","373,34,43,49"
2793,1,1,"10,55,44,47","375,33,42,50"
2794,1,1,"3,54,45,48","377,33,41,50"
2795,1,1,"-1,54,43,48","379,32,40,52"
2796,1,0,"-3,53,40,48",
2797,1,0,"-4,53,37,48",
2798,1,0,"-9,53,38,48",
2799,0,0,,
2800,0,0,,
2801,0,0,,
2802,0,0,,
2803,0,0,,
2804,0,0,,
2805,0,0,,
2806,0,0,,
2807,0,0,,
2808,0,0,,
2809,0,0,,
2810,0,0,,
2811,0,0,,
2812,0,0,,
2813,0,0,,
2814,0,0,,
2815,0,0,,
2816,0,0,,
2817,0,0,,
2818,0,0,,
2819,0,0,,
2820,0,0,,
2821,0,0,,
2822,0,0,,
2823,0,0,,
2824,0,0,,
2825,0,0,,
2826,0,0,,
2827,0,0,,
2828,0,0,,
2829,0,0,,
2830,0,0,,
2831,0,0,,
2832,0,0,,
2833,0,0,,
2834,0,0,,
2835,0,0,,
2836,0,0,,
2837,0,0,,
2838,0,0,,
2839,0,0,,
2840,0,0,,
2841,0,0,,
2842,0,0,,
2843,0,0,,
2844,0,0,,
2845,0,0,,
2846,0,0,,
2847,0,0,,
2848,0,0,,
2849,0,0,,
2850,0,0,,
2851,0,0,,
2852,0,0,,
2853,0,0,,
2854,1,0,"59,77,41,47",
2855,1,0,"53,76,41,45",
2856,1,0,"49,74,40,46",
2857,1,0,"45,73,41,46",
2858,1,0,"41,75,41,45",
2859,1,0,"38,75,42,46",
2860,1,0,"35,76,43,47",
2861,1,0,"32,76,44,50",
2862,1,0,"28,77,45,51",
2863,1,0,"24,78,46,51",
2864,1,0,"19,79,47,53",
2865,2,0,"209,47,31,34;14,82,49,54",
2866,2,0,"209,46,32,35;8,83,49,55",
2867,2,0,"209,46,32,34;2,84,50,56",
2868,2,0,"209,45,33,35;-1,86,48,57",
2869,2,0,"210,45,33,36;-3,86,47,59",
2870,2,0,"212,45,33,36;-4,85,45,58",
2871,1,0,"214,45,33,37",
2872,1,0,"215,45,34,37",
2873,1,0,"217,44,34,38",
2874,1,0,"219,45,34,38",
2875,1,0,"221,47,34,36",
2876,1,0,"222,46,35,38",
2877,1,0,"224,46,35,39",
2878,1,0,"225,46,35,38",
2879,1,0,"227,46,35,39",
2880,1,0,"228,46,36,38",
2881,1,0,"230,45,35,39",
2882,1,0,"231,45,35,38",
2883,1,0,"231,44,36,38",
2884,1,0,"232,43,35,39",
2885,1,0,"231,42,37,39",
2886,1,0,"231,41,37,40",
2887,1,0,"231,40,37,41",
2888,1,0,"232,40,36,40",
2889,1,0,"231,40,36,40",
2890,1,0,"232,40,36,40",
2891,1,0,"233,40,36,41",
2892,1,0,"234,40,37,41",
2893,1,0,"234,40,37,41",
2894,1,0,"234,40,37,41",
2895,1,0,"234,39,39,43",
2896,1,0,"235,37,38,43",
2897,1,0,"236,35,39,43",
2898,1,0,"106,60,30,33",
2899,1,0,"105,62,30,33",
2900,1,0,"104,63,30,33",
2901,1,0,"105,63,29,33",
2902,0,0,,
2903,0,0,,
2904,0,0,,
2905,0,0,,
2906,0,0,,
2907,0,0,,
2908,0,0,,
2909,0,0,,
2910,0,0,,
2911,0,0,,
2912,0,0,,
2913,0,0,,
2914,0,0,,
2915,0,0,,
2916,0,0,,
2917,0,0,,
2918,0,0,,
2919,0,0,,
2920,1,0,"73,64,31,34",
2921,1,0,"71,63,31,35",
2922,1,0,"68,62,32,35",
2923,1,0,"66,59,32,36",
2924,1,0,"64,57,32,36",
2925,1,0,"61,55,33,36",
2926,1,0,"60,53,32,37",
2927,1,0,"58,52,32,37",
2928,1,1,"56,52,32,37","183,63,33,39"
2929,1,0,"54,52,32,36",
2930,1,0,"51,51,32,37",
2931,1,0,"48,50,33,37",
2932,0,0,,
2933,0,0,,
2934,0,0,,
2935,0,0,,
2936,0,0,,
2937,0,0,,
2938,0,1,,"170,62,35,42"
2939,0,0,,
2940,0,0,,
2941,0,0,,
2942,0,0,,
2943,0,0,,
2944,0,0,,
2945,0,0,,
2946,0,0,,
2947,0,0,,
2948,0,0,,
2949,1,0,"133,56,34,37",
2950,1,0,"130,57,35,37",
2951,1,0,"128,59,34,38",
2952,1,0,"125,60,35,38",
2953,1,0,"122,60,35,38",
2954,1,0,"120,59,36,40",
2955,1,0,"117,59,36,41",
2956,0,0,,
2957,0,0,,
2958,0,1,,"139,70,40,47"
2959,1,1,"309,64,38,40","140,70,39,46"
2960,1,1,"312,62,38,40","139,69,40,46"
2961,1,1,"314,58,39,41","139,68,40,46"
2962,1,1,"316,56,40,42","138,67,41,46"
2963,1,1,"318,54,40,42","138,66,40,46"
2964,1,1,"320,52,41,43","137,65,40,46"
2965,1,1,"322,50,42,44","135,64,41,47"
2966,1,1,"325,50,42,45","133,64,41,47"
2967,1,1,"327,50,43,46","130,64,42,49"
2968,1,1,"329,49,44,47","128,65,42,48"
2969,1,1,"331,49,45,48","126,66,42,49"
2970,1,1,"333,49,45,48","123,66,43,49"
2971,0,1,,"121,67,43,49"
2972,0,1,,"117,67,43,49"
2973,0,1,,"115,67,43,49"
2974,1,1,"47,70,39,44","112,66,43,49"
2975,2,1,"359,53,49,51;46,71,37,43","108,65,44,50"
2976,1,1,"364,53,51,53","105,66,44,50"
2977,0,1,,"100,66,45,51"
2978,0,1,,"96,66,47,54"
2979,0,1,,"90,67,48,55"
2980,0,1,,"86,68,49,57"
2981,0,1,,"81,69,50,58"
2982,0,1,,"77,72,50,58"
2983,0,1,,"71,73,51,59"
2984,0,1,,"65,76,52,61"
2985,0,1,,"59,78,53,62"
2986,0,1,,"54,82,53,62"
2987,0,1,,"48,84,55,64"
2988,0,1,,"41,86,56,65"
2989,0,1,,"36,89,56,65"
2990,0,1,,"29,91,57,67"
2991,0,1,,"22,92,59,68"
2992,0,1,,"14,92,60,71"
2993,0,1,,"5,93,63,73"
2994,0,1,,"0,94,60,74"
2995,0,0,,
2996,1,0,"152,94,29,33",
2997,1,0,"151,95,30,32",
2998,1,0,"151,95,29,33",
2999,1,0,"150,97,31,34",
3000,1,0,"149,98,31,35",
3001,1,0,"149,100,30,35",
3002,1,0,"148,103,30,34",
3003,1,0,"147,104,31,34",
3004,1,0,"147,105,30,34",
3005,1,0,"146,105,31,35",
3006,1,0,"145,104,31,34",
3007,1,0,"145,102,31,35",
3008,1,0,"146,100,32,36",
3009,1,0,"147,99,31,36",
3010,1,0,"147,98,32,36",
3011,1,0,"147,97,31,36",
3012,1,0,"147,96,31,35",
3013,1,0,"147,95,31,35",
3014,1,0,"148,94,31,35",
3015,1,0,"148,93,31,36",
3016,1,0,"149,92,31,35",
3017,1,0,"150,92,31,35",
3018,1,0,"150,92,32,35",
3019,1,0,"151,92,31,35",
3020,1,0,"152,92,31,36",
3021,2,0,"277,35,44,53;153,93,31,36",
3022,1,0,"152,95,32,35",
3023,1,0,"152,97,32,36",
3024,1,0,"152,98,33,37",
3025,1,0,"152,99,32,37",
3026,1,0,"151,100,33,37",
3027,1,0,"151,101,33,37",
3028,1,0,"151,101,33,37",
3029,1,0,"150,102,34,37",
3030,1,0,"149,103,34,38",
3031,2,0,"318,92,38,42;149,104,34,38",
3032,2,0,"319,92,38,42;148,104,34,39",
3033,2,0,"320,91,39,42;148,105,34,39",
3034,2,0,"322,89,39,43;147,104,34,39",
3035,1,0,"324,86,40,44",
3036,1,0,"326,85,40,44",
3037,1,0,"330,84,40,44",
3038,1,0,"333,83,41,46",
3039,1,0,"337,82,40,46",
3040,2,0,"54,99,31,35;339,80,43,48",
3041,1,0,"53,98,32,37",
3042,1,1,"52,98,33,38","137,102,37,42"
3043,1,1,"51,97,34,39","136,101,37,42"
3044,1,1,"50,97,34,38","135,99,39,45"
3045,1,1,"50,96,34,38","134,97,39,44"
3046,1,1,"48,94,35,39","133,96,38,44"
3047,2,1,"203,85,40,44;48,93,35,39","132,95,39,43"
3048,1,1,"47,91,35,40","132,92,38,44"
3049,0,1,,"131,91,39,45"
3050,0,1,,"131,90,38,44"
3051,0,1,,"131,89,38,44"
3052,1,1,"206,77,42,46","132,89,38,43"
3053,1,1,"207,77,42,45","133,88,38,44"
3054,1,1,"207,75,43,47","133,88,38,44"
3055,1,1,"206,74,43,48","133,87,39,44"
3056,1,1,"204,74,44,48","133,85,39,45"
3057,1,1,"204,73,43,48","133,84,39,45"
3058,1,1,"203,73,43,48","134,81,40,46"
3059,1,1,"202,73,43,48","134,80,40,46"
3060,1,1,"200,73,43,49","134,79,40,46"
3061,1,1,"198,74,44,48","134,78,40,47"
3062,1,1,"197,74,44,49","134,78,41,46"
3063,1,1,"195,74,44,49","133,78,42,47"
3064,1,1,"192,73,45,49","130,77,42,47"
3065,1,1,"189,71,45,49","128,76,42,48"
3066,1,1,"186,69,45,49","125,75,42,48"
3067,1,1,"184,68,46,49","122,74,43,49"
3068,1,1,"182,67,47,51","120,75,45,51"
3069,1,1,"180,67,46,50","119,76,44,52"
3070,0,1,,"115,78,45,52"
3071,0,1,,"112,81,44,51"
3072,0,1,,"108,83,45,52"
3073,0,1,,"104,84,44,52"
3074,0,1,,"100,85,44,52"
3075,0,1,,"95,86,45,52"
3076,0,2,,"157,68,57,65;90,86,45,54"
3077,0,2,,"155,69,57,65;83,86,47,55"
3078,0,2,,"152,71,57,64;78,85,48,57"
3079,0,2,,"153,72,55,62;73,85,48,57"
3080,0,2,,"150,72,55,63;68,84,49,58"
3081,0,2,,"148,72,55,64;63,83,49,59"
3082,0,2,,"147,72,56,65;58,83,49,58"
3083,0,1,,"53,82,50,60"
3084,0,1,,"47,81,51,60"
3085,0,1,,"40,80,52,62"
3086,0,1,,"31,78,54,64"
3087,0,1,,"25,77,54,65"
3088,0,1,,"17,78,56,66"
3089,0,1,,"10,78,57,67"
3090,0,2,,"115,58,60,71;4,78,57,69"
3091,0,2,,"109,53,67,79;0,78,58,70"
3092,0,1,,"-2,76,56,72"
3093,0,1,,"-4,75,53,72"
3094,0,0,,
3095,0,0,,
3096,0,0,,
3097,0,0,,
3098,0,0,,
3099,0,0,,
3100,0,0,,
3101,0,0,,
3102,0,1,,"16,51,83,94"
3103,0,1,,"1,51,87,98"
3104,0,1,,"-4,57,82,98"
3105,0,0,,
3106,0,0,,
3107,0,0,,
3108,0,0,,
3109,1,0,"231,65,36,37",
3110,1,0,"231,65,36,37",
3111,1,0,"230,64,36,38",
3112,1,0,"230,64,36,38",
3113,1,0,"229,64,37,38",
3114,1,1,"229,63,36,38","173,45,38,44"
3115,1,1,"228,62,37,39","172,45,37,42"
3116,1,1,"227,62,38,40","170,45,36,41"
3117,1,1,"226,61,38,41","169,46,36,41"
3118,1,1,"225,62,39,42","166,46,37,41"
3119,1,1,"225,63,39,42","164,46,39,45"
3120,1,1,"224,65,39,41","161,47,39,44"
3121,1,0,"225,65,39,43",
3122,1,0,"224,65,42,44",
3123,1,0,"225,65,42,45",
3124,1,0,"225,65,43,45",
3125,1,0,"227,64,43,46",
3126,1,0,"229,64,43,46",
3127,1,0,"228,61,44,47",
3128,1,0,"230,59,45,48",
3129,1,0,"230,57,45,49",
3130,1,0,"231,56,46,49",
3131,1,0,"232,55,46,50",
3132,2,0,"130,35,48,54;233,55,47,50",
3133,2,0,"127,34,52,59;232,56,47,51",
3134,2,0,"123,33,51,58;233,58,47,51",
3135,2,0,"121,32,50,58;234,61,48,51",
3136,2,0,"118,32,49,55;234,63,49,52",
3137,2,0,"115,30,50,57;234,65,49,53",
3138,2,0,"112,29,54,62;233,67,50,53",
3139,2,0,"107,28,56,65;231,63,50,55",
3140,2,0,"104,27,54,62;229,59,51,57",
3141,0,0,,
3142,0,0,,
3143,0,0,,
3144,0,0,,
3145,0,0,,
3146,0,0,,
3147,0,0,,
3148,1,0,"106,7,59,69",
3149,1,0,"107,8,63,75",
3150,1,0,"108,6,64,75",
3151,1,0,"107,4,64,74",
3152,1,0,"107,2,65,76",
3153,1,0,"105,0,64,74",
3154,1,0,"106,0,65,75",
3155,1,0,"104,0,66,75",
3156,1,0,"104,0,68,77",
3157,1,0,"103,0,69,78",
3158,1,0,"99,0,70,78",
3159,1,0,"96,0,71,80",
3160,0,0,,
3161,0,0,,
3162,0,0,,
3163,0,0,,
3164,0,0,,
3165,0,0,,
3166,0,0,,
3167,0,0,,
3168,0,0,,
3169,0,0,,
3170,0,0,,
3171,0,0,,
3172,0,0,,
3173,0,0,,
3174,0,0,,
3175,0,0,,
3176,0,0,,
3177,0,0,,
3178,0,0,,
3179,0,0,,
3180,0,0,,
3181,0,0,,
3182,0,0,,
3183,0,0,,
3184,0,0,,
3185,0,0,,
3186,0,0,,
3187,0,0,,
3188,0,0,,
3189,0,0,,
3190,0,0,,
3191,0,0,,
3192,0,0,,
3193,0,0,,
3194,0,0,,
3195,0,0,,
3196,0,0,,
3197,0,0,,
3198,0,0,,
3199,0,0,,
3200,0,1,,"47,55,36,41"
3201,0,1,,"44,55,37,40"
3202,0,1,,"42,55,36,40"
3203,0,1,,"40,54,36,41"
3204,0,1,,"37,55,36,40"
3205,0,0,,
3206,0,0,,
3207,0,0,,
3208,0,0,,
3209,0,0,,
3210,0,0,,
3211,0,0,,
3212,0,0,,
3213,0,0,,
3214,0,0,,
3215,0,0,,
3216,0,0,,
3217,0,0,,
3218,0,0,,
3219,0,0,,
3220,0,0,,
3221,0,0,,
3222,0,0,,
3223,0,0,,
3224,0,0,,
3225,0,0,,
3226,0,0,,
3227,0,0,,
3228,0,0,,
3229,0,0,,
3230,0,0,,
3231,0,0,,
3232,0,4,,"112,120,41,49;194,97,33,38;266,88,39,44;344,87,39,43"
3233,0,3,,"192,97,33,39;267,88,39,44;344,88,39,43"
3234,0,2,,"267,88,39,44;342,88,42,47"
3235,0,2,,"268,88,40,45;341,89,42,45"
3236,0,2,,"268,88,40,44;340,89,41,45"
3237,0,2,,"269,88,39,43;339,90,40,44"
3238,1,2,"-1,108,45,54","268,87,39,43;338,91,40,43"
3239,1,2,"-2,109,42,52","268,87,39,43;336,92,40,42"
3240,0,2,,"267,87,40,43;334,92,40,42"
3241,0,2,,"267,87,40,43;332,92,40,43"
3242,0,2,,"267,87,39,44;331,93,41,44"
3243,0,2,,"266,88,40,45;329,93,41,43"
3244,1,2,"163,101,33,36","265,89,40,44;328,92,40,43"
3245,1,2,"148,99,41,46","265,90,39,44;326,91,41,45"
3246,1,2,"147,97,40,46","263,91,40,44;324,91,39,44"
3247,1,2,"151,96,39,46","262,92,39,44;322,93,40,43"
3248,1,1,"156,97,39,46","260,94,40,44"
3249,1,1,"163,97,38,46","259,95,40,44"
3250,0,2,,"38,123,41,48;257,95,40,45"
3251,0,1,,"256,96,40,45"
3252,1,1,"312,101,41,45","255,96,40,45"
3253,1,1,"310,103,41,45","254,96,40,45"
3254,0,1,,"253,96,41,45"
3255,0,2,,"24,121,42,49;252,95,41,47"
3256,0,2,,"21,120,42,49;250,95,41,46"
3257,0,2,,"19,120,41,49;249,95,42,46"
3258,0,2,,"15,120,42,49;247,95,42,46"
3259,1,2,"292,101,42,48","12,121,42,49;247,96,41,45"
3260,0,2,,"8,121,43,50;246,97,41,46"
3261,0,2,,"4,122,43,49;245,99,41,45"
3262,0,1,,"244,100,41,46"
3263,0,1,,"243,102,41,46"
3264,0,1,,"242,103,41,46"
3265,0,1,,"240,104,41,45"
3266,0,1,,"240,103,40,45"
3267,0,0,,
3268,0,0,,
3269,0,0,,
3270,0,0,,
3271,0,0,,
3272,0,0,,
3273,0,0,,
3274,0,0,,
3275,0,0,,
3276,0,0,,
3277,0,0,,
3278,0,0,,
3279,0,0,,
3280,0,0,,
3281,0,0,,
3282,1,0,"147,83,31,33",
3283,1,1,"146,83,31,33","30,95,37,40"
3284,0,0,,
3285,0,0,,
3286,0,0,,
3287,0,0,,
3288,0,0,,
3289,0,0,,
3290,0,0,,
3291,0,0,,
3292,0,0,,
3293,0,0,,
3294,0,0,,
3295,0,0,,
3296,0,0,,
3297,0,0,,
3298,1,0,"118,83,32,34",
3299,1,0,"117,84,32,33",
3300,1,0,"116,84,31,33",
3301,0,0,,
3302,1,0,"74,106,53,60",
3303,1,0,"70,109,50,57",
3304,0,0,,
3305,0,0,,
3306,0,1,,"339,88,38,42"
3307,0,1,,"338,88,39,43"
3308,0,0,,
3309,0,0,,
3310,0,0,,
3311,0,0,,
3312,0,1,,"332,91,40,45"
3313,0,1,,"331,91,40,45"
3314,0,1,,"329,91,40,46"
3315,0,0,,
3316,0,0,,
3317,0,0,,
3318,0,0,,
3319,0,0,,
3320,0,0,,
3321,0,0,,
3322,0,0,,
3323,0,0,,
3324,0,0,,
3325,0,0,,
3326,0,0,,
3327,0,0,,
3328,0,2,,"-1,102,37,50;221,94,40,46"
3329,0,2,,"-2,104,34,46;218,94,41,45"
3330,0,0,,
3331,0,0,,
3332,0,0,,
3333,0,0,,
3334,0,0,,
3335,0,0,,
3336,0,0,,
3337,0,1,,"310,97,39,44"
3338,0,1,,"309,96,39,45"
3339,0,0,,
3340,0,0,,
3341,0,0,,
3342,0,0,,
3343,1,0,"76,86,32,34",
3344,1,0,"76,86,32,34",
3345,1,0,"75,86,32,33",
3346,1,0,"75,86,32,33",
3347,1,0,"74,85,32,35",
3348,1,1,"74,85,32,35","134,92,42,47"
3349,1,1,"73,85,32,34","130,92,42,48"
3350,1,1,"71,84,33,35","126,93,42,49"
3351,1,1,"71,84,32,35","124,94,41,47"
3352,1,1,"70,84,32,34","120,93,41,47"
3353,1,1,"69,84,32,35","116,91,41,47"
3354,1,1,"68,84,32,35","112,89,41,49"
3355,1,0,"67,84,32,35",
3356,1,0,"66,84,32,35",
3357,1,0,"64,83,33,36",
3358,1,0,"63,84,33,35",
3359,1,0,"61,84,33,36",
3360,2,0,"171,96,35,37;59,84,33,36",
3361,0,1,,"82,89,44,51"
3362,0,1,,"76,90,45,51"
3363,0,1,,"72,93,44,50"
3364,0,1,,"67,93,45,53"
3365,1,0,"161,95,36,39",
3366,1,0,"159,95,35,39",
3367,1,0,"157,96,35,38",
3368,1,0,"155,96,36,38",
3369,0,0,,
3370,0,0,,
3371,0,0,,
3372,0,0,,
3373,0,1,,"149,98,36,39"
3374,1,0,"204,114,42,49",
3375,1,0,"201,115,41,47",
3376,1,0,"196,116,42,48",
3377,0,0,,
3378,0,0,,
3379,0,0,,
3380,0,0,,
3381,0,0,,
3382,0,0,,
3383,0,0,,
3384,0,0,,
3385,0,0,,
3386,0,0,,
3387,0,0,,
3388,0,0,,
3389,0,0,,
3390,0,0,,
3391,0,0,,
3392,0,0,,
3393,0,0,,
3394,0,0,,
3395,0,0,,
3396,0,0,,
3397,0,0,,
3398,0,0,,
3399,0,0,,
3400,0,0,,
3401,0,0,,
3402,0,0,,
3403,0,0,,
3404,0,0,,
3405,0,0,,
3406,0,0,,
3407,0,0,,
3408,0,0,,
3409,0,0,,
3410,0,0,,
3411,0,0,,
3412,0,0,,
3413,0,0,,
3414,0,0,,
3415,0,0,,
3416,0,0,,
3417,0,0,,
3418,0,0,,
3419,0,0,,
3420,0,0,,
3421,0,0,,
3422,0,0,,
3423,0,0,,
3424,0,0,,
3425,0,0,,
3426,0,0,,
3427,0,0,,
3428,0,0,,
3429,0,0,,
3430,0,0,,
3431,0,0,,
3432,0,0,,
3433,0,0,,
3434,0,0,,
3435,0,0,,
3436,0,0,,
3437,0,0,,
3438,0,0,,
3439,0,0,,
3440,0,0,,
3441,0,0,,
3442,0,0,,
3443,0,0,,
3444,0,0,,
3445,0,0,,
3446,0,0,,
3447,0,0,,
3448,0,0,,
3449,0,0,,
3450,0,0,,
3451,0,0,,
3452,0,0,,
3453,0,0,,
3454,0,0,,
3455,0,0,,
3456,0,0,,
3457,0,0,,
3458,0,0,,
3459,0,0,,
3460,0,0,,
3461,0,0,,
3462,0,0,,
3463,0,0,,
3464,0,0,,
3465,0,0,,
3466,0,0,,
3467,0,0,,
3468,0,0,,
3469,0,0,,
3470,0,0,,
3471,0,0,,
3472,0,0,,
3473,0,0,,
3474,0,0,,
3475,0,0,,
3476,0,0,,
3477,0,0,,
3478,0,1,,"384,86,36,43"
3479,0,1,,"386,87,35,41"
3480,0,1,,"388,89,33,39"
3481,0,1,,"390,90,31,38"
3482,0,0,,
3483,0,0,,
3484,0,1,,"78,72,35,39"
3485,0,1,,"76,72,35,39"
3486,0,1,,"74,72,35,39"
3487,0,1,,"72,72,35,40"
3488,0,0,,
3489,0,0,,
3490,0,0,,
3491,0,0,,
3492,0,1,,"63,70,36,40"
3493,0,0,,
3494,0,0,,
3495,0,0,,
3496,0,0,,
3497,0,0,,
3498,0,0,,
3499,0,0,,
3500,0,0,,
3501,0,0,,
3502,0,0,,
3503,0,0,,
3504,0,0,,
3505,0,0,,
3506,0,0,,
3507,0,0,,
3508,0,0,,
3509,0,0,,
3510,0,0,,
3511,0,0,,
3512,0,0,,
3513,0,0,,
3514,0,0,,
3515,0,0,,
3516,0,0,,
3517,0,0,,
3518,0,0,,
3519,0,0,,
3520,0,0,,
3521,0,0,,
3522,0,0,,
3523,0,0,,
3524,1,0,"63,95,37,40",
3525,0,0,,
3526,0,0,,
3527,0,0,,
3528,0,0,,
3529,0,0,,
3530,0,0,,
3531,0,0,,
3532,0,0,,
3533,0,0,,
3534,1,0,"94,97,32,38",
3535,0,0,,
3536,0,0,,
3537,0,0,,
3538,0,0,,
3539,0,0,,
3540,0,0,,
3541,0,0,,
3542,0,0,,
3543,0,0,,
3544,0,0,,
3545,0,0,,
3546,1,0,"27,100,36,39",
3547,1,0,"26,100,35,39",
3548,1,0,"25,101,35,38",
3549,1,0,"23,100,36,38",
3550,1,0,"22,100,36,38",
3551,1,0,"20,99,37,40",
3552,1,0,"19,100,36,39",
3553,1,0,"17,99,38,40",
3554,0,0,,
3555,0,0,,
3556,0,0,,
3557,0,0,,
3558,0,0,,
3559,0,0,,
3560,0,1,,"51,94,35,40"
3561,0,1,,"49,95,35,39"
3562,0,1,,"47,95,35,39"
3563,0,1,,"45,96,34,38"
3564,0,1,,"43,96,34,38"
3565,0,1,,"41,95,34,39"
3566,0,0,,
3567,0,0,,
3568,0,0,,
3569,0,0,,
3570,1,0,"31,96,34,39",
3571,0,0,,
3572,0,0,,
3573,0,0,,
3574,0,0,,
3575,0,0,,
3576,0,0,,
3577,0,0,,
3578,0,0,,
3579,0,0,,
3580,0,0,,
3581,0,0,,
3582,1,0,"21,102,36,39",
3583,1,0,"21,102,35,39",
3584,1,0,"20,102,35,40",
3585,1,0,"18,102,35,39",
3586,1,0,"17,103,35,38",
3587,1,0,"16,103,35,39",
3588,1,0,"15,103,35,39",
3589,1,0,"14,103,35,39",
3590,1,0,"12,103,35,40",
3591,1,0,"10,104,36,39",
3592,1,0,"8,104,36,40",
3593,1,0,"7,104,35,40",
3594,1,0,"4,104,36,41",
3595,1,0,"2,105,36,40",
3596,1,0,"0,105,36,40",
3597,1,0,"0,104,34,41",
3598,1,0,"-1,104,33,41",
3599,1,0,"-1,103,32,41",
3600,1,0,"-2,104,31,41",
3601,1,0,"-3,104,30,41",
3602,0,0,,
3603,0,0,,
3604,0,0,,
3605,0,0,,
3606,0,0,,
3607,0,0,,
3608,0,0,,
3609,0,0,,
3610,0,0,,
3611,0,0,,
3612,0,0,,
3613,0,0,,
3614,0,0,,
3615,0,0,,
3616,0,0,,
3617,0,0,,
3618,0,0,,
3619,0,0,,
3620,0,0,,
3621,0,0,,
3622,0,0,,
3623,0,0,,
3624,0,0,,
3625,0,0,,
3626,0,0,,
3627,0,0,,
3628,0,0,,
3629,0,0,,
3630,0,0,,
3631,0,0,,
3632,0,0,,
3633,0,0,,
3634,0,0,,
3635,0,0,,
3636,0,0,,
3637,0,0,,
3638,0,0,,
3639,0,0,,
3640,0,0,,
3641,0,0,,
3642,0,0,,
3643,0,0,,
3644,0,0,,
3645,0,0,,
3646,0,0,,
3647,0,0,,
3648,0,0,,
3649,0,0,,
3650,0,0,,
3651,0,0,,
3652,0,0,,
3653,0,0,,
3654,0,0,,
3655,0,0,,
3656,0,0,,
3657,0,0,,
3658,0,0,,
3659,0,0,,
3660,0,0,,
3661,0,0,,
3662,0,0,,
3663,0,0,,
3664,0,0,,
3665,0,0,,
3666,0,0,,
3667,0,0,,
3668,0,0,,
3669,0,0,,
3670,0,0,,
3671,0,0,,
3672,0,0,,
3673,0,0,,
3674,0,0,,
3675,0,0,,
3676,0,0,,
3677,0,0,,
3678,0,0,,
3679,0,0,,
3680,0,0,,
3681,0,0,,
3682,0,0,,
3683,0,0,,
3684,0,0,,
3685,0,0,,
3686,0,1,,"305,91,48,55"
3687,0,0,,
3688,0,0,,
3689,0,0,,
3690,0,0,,
3691,1,0,"269,89,51,59",
3692,1,0,"263,87,52,59",
3693,1,0,"256,85,51,58",
3694,1,0,"249,84,50,58",
3695,1,0,"244,84,48,54",
3696,1,0,"236,88,48,55",
3697,0,0,,
3698,0,0,,
3699,0,0,,
3700,0,0,,
3701,0,0,,
3702,0,0,,
3703,0,0,,
3704,0,0,,
3705,0,0,,
3706,0,0,,
3707,0,0,,
3708,0,0,,
3709,0,0,,
3710,0,0,,
3711,0,0,,
3712,0,0,,
3713,0,0,,
3714,0,0,,
3715,0,0,,
3716,0,0,,
3717,0,0,,
3718,0,0,,
3719,0,0,,
3720,0,0,,
3721,0,0,,
3722,0,0,,
3723,0,0,,
3724,0,0,,
3725,0,0,,
3726,0,0,,
3727,0,0,,
3728,0,0,,
3729,0,0,,
3730,0,0,,
3731,0,0,,
3732,0,0,,
3733,0,0,,
3734,0,0,,
3735,0,0,,
3736,0,0,,
3737,0,0,,
3738,0,0,,
3739,0,0,,
3740,0,1,,"281,35,107,126"
3741,0,0,,
3742,0,0,,
3743,0,0,,
3744,0,0,,
3745,0,0,,
3746,0,0,,
3747,0,0,,
3748,0,0,,
3749,0,1,,"363,83,34,41"
3750,0,0,,
3751,0,0,,
3752,0,0,,
3753,0,0,,
3754,0,0,,
3755,0,0,,
3756,0,0,,
3757,0,0,,
3758,0,1,,"341,83,35,41"
3759,0,1,,"339,83,35,40"
3760,0,0,,
3761,0,0,,
3762,0,0,,
3763,0,0,,
3764,0,0,,
3765,0,0,,
3766,0,0,,
3767,0,0,,
3768,0,0,,
3769,0,1,,"321,84,34,40"
